receiver_id,pair_id,split,direction,target_direction,g_target,delta_gravity,y_boundary,vy_boundary_scaled,coordinate_rank,coordinate,observed_score,predicted_score,residual,absolute_error
eval_50000_high,eval_50000_high,heldout,high,high,0.06511387887451758,,0.65,0.0,2,1,-355.1954858743892,-355.41330432926264,0.21781845487345208,0.21781845487345208
eval_50000_high,eval_50000_high,heldout,high,high,0.06511387887451758,,0.65,0.0,2,2,102.16119424127808,102.37296358559841,-0.2117693443203308,0.2117693443203308
eval_50001_high,eval_50001_high,train,high,high,0.0647655897226971,,0.65,0.0,2,1,-355.9853129802065,-355.7550658068257,-0.23024717338080336,0.23024717338080336
eval_50001_high,eval_50001_high,train,high,high,0.0647655897226971,,0.65,0.0,2,2,101.28478899932394,101.37264527207738,-0.08785627275344154,0.08785627275344154
eval_50003_high,eval_50003_high,heldout,high,high,0.06533233898124247,,0.65,0.0,2,1,-355.0034529953366,-355.19893862630397,0.1954856309673687,0.1954856309673687
eval_50003_high,eval_50003_high,heldout,high,high,0.06533233898124247,,0.65,0.0,2,2,102.86441091343528,103.00040100186135,-0.13599008842606963,0.13599008842606963
eval_50005_low,eval_50005_low,heldout,low,low,0.007266470942510986,,0.65,0.0,2,1,356.81600078751325,356.44597530049424,0.3700254870190065,0.3700254870190065
eval_50005_low,eval_50005_low,heldout,low,low,0.007266470942510986,,0.65,0.0,2,2,112.37255171377477,111.92950738472274,0.44304432905202873,0.44304432905202873
eval_50006_high,eval_50006_high,train,high,high,0.0668358973637735,,0.65,0.0,2,1,-354.3259205623533,-353.7235601032284,-0.6023604591248954,0.6023604591248954
eval_50006_high,eval_50006_high,train,high,high,0.0668358973637735,,0.65,0.0,2,2,107.7604076661954,107.31875825655139,0.44164940964401467,0.44164940964401467
eval_50007_high,eval_50007_high,heldout,high,high,0.0611354978442743,,0.65,0.0,2,1,-359.039853717719,-359.3171220970512,0.27726837933221304,0.27726837933221304
eval_50007_high,eval_50007_high,heldout,high,high,0.0611354978442743,,0.65,0.0,2,2,90.69209773960246,90.9466892330508,-0.25459149344834486,0.25459149344834486
eval_50009_high,eval_50009_high,train,high,high,0.06292371888632753,,0.65,0.0,2,1,-357.5038840882588,-357.56241609387234,0.05853200561352878,0.05853200561352878
eval_50009_high,eval_50009_high,train,high,high,0.06292371888632753,,0.65,0.0,2,2,96.32623487522432,96.082623693368,0.24361118185630914,0.24361118185630914
eval_50013_low,eval_50013_low,train,low,low,0.017414317598493944,,0.65,0.0,2,1,364.61105337496554,364.70774019568114,-0.09668682071560397,0.09668682071560397
eval_50013_low,eval_50013_low,train,low,low,0.017414317598493944,,0.65,0.0,2,2,80.59364821320412,80.82497389278811,-0.23132567958398909,0.23132567958398909
eval_50014_high,eval_50014_high,heldout,high,high,0.06461412859500178,,0.65,0.0,2,1,-355.8511060828384,-355.90368823311707,0.05258215027868118,0.05258215027868118
eval_50014_high,eval_50014_high,heldout,high,high,0.06461412859500178,,0.65,0.0,2,2,100.7070148094359,100.93763505419307,-0.23062024475716214,0.23062024475716214
eval_50015_high,eval_50015_high,train,high,high,0.06669411667584542,,0.65,0.0,2,1,-354.4712947618953,-353.8626835216379,-0.6086112402574031,0.6086112402574031
eval_50015_high,eval_50015_high,train,high,high,0.06669411667584542,,0.65,0.0,2,2,106.77762392632026,106.91155114746759,-0.13392722114733147,0.13392722114733147
eval_50016_high,eval_50016_high,heldout,high,high,0.06640241906099656,,0.65,0.0,2,1,-353.95666735178895,-354.14891410714796,0.19224675535900815,0.19224675535900815
eval_50016_high,eval_50016_high,heldout,high,high,0.06640241906099656,,0.65,0.0,2,2,105.98844292688364,106.07376890642291,-0.08532597953927734,0.08532597953927734
eval_50022_low,eval_50022_low,heldout,low,low,0.016146214477300393,,0.65,0.0,2,1,364.11235248203207,363.675327093146,0.43702538888607023,0.43702538888607023
eval_50022_low,eval_50022_low,heldout,low,low,0.016146214477300393,,0.65,0.0,2,2,84.67772584976005,84.71188284417008,-0.03415699441002573,0.03415699441002573
eval_50032_low,eval_50032_low,train,low,low,0.013768197958166802,,0.65,0.0,2,1,362.1160541163767,361.7392894228912,0.3767646934854838,0.3767646934854838
eval_50032_low,eval_50032_low,train,low,low,0.013768197958166802,,0.65,0.0,2,2,92.93596989110219,92.00082767860498,0.9351422124972117,0.9351422124972117
eval_50034_low,eval_50034_low,heldout,low,low,0.01684377991700454,,0.65,0.0,2,1,364.4496439781964,364.24324281529044,0.2064011629059337,0.2064011629059337
eval_50034_low,eval_50034_low,heldout,low,low,0.01684377991700454,,0.65,0.0,2,2,82.69730893470691,82.57374966994621,0.12355926476070067,0.12355926476070067
eval_50035_high,eval_50035_high,train,high,high,0.06239539571464667,,0.65,0.0,2,1,-358.2973304793514,-358.0808373735495,-0.21649310580187375,0.21649310580187375
eval_50035_high,eval_50035_high,train,high,high,0.06239539571464667,,0.65,0.0,2,2,94.99838570448405,94.56523120116007,0.4331545033239763,0.4331545033239763
eval_50038_high,eval_50038_high,heldout,high,high,0.06492680178141044,,0.65,0.0,2,1,-355.2221983535147,-355.5968752025566,0.3746768490418617,0.3746768490418617
eval_50038_high,eval_50038_high,heldout,high,high,0.06492680178141044,,0.65,0.0,2,2,101.44930213506026,101.83566105608465,-0.38635892102438163,0.38635892102438163
eval_50039_high,eval_50039_high,train,high,high,0.06307950006510864,,0.65,0.0,2,1,-357.67818515505553,-357.40955458337606,-0.26863057167946636,0.26863057167946636
eval_50039_high,eval_50039_high,train,high,high,0.06307950006510864,,0.65,0.0,2,2,96.8237684196372,96.53004149326823,0.2937269263689757,0.2937269263689757
eval_50044_low,eval_50044_low,train,low,low,0.017074621849459255,,0.65,0.0,2,1,364.7148037792033,364.43118039836054,0.28362338084275507,0.28362338084275507
eval_50044_low,eval_50044_low,train,low,low,0.017074621849459255,,0.65,0.0,2,2,81.90066719752637,81.86618767548632,0.03447952204005844,0.03447952204005844
eval_50047_low,eval_50047_low,heldout,low,low,0.01691397692932508,,0.65,0.0,2,1,364.5742231778074,364.30039299027806,0.27383018752937005,0.27383018752937005
eval_50047_low,eval_50047_low,heldout,low,low,0.01691397692932508,,0.65,0.0,2,2,82.29902201440818,82.35858625698012,-0.0595642425719376,0.0595642425719376
eval_50051_low,eval_50051_low,train,low,low,0.012301009529250995,,0.65,0.0,2,1,360.8270849028239,360.544793066416,0.28229183640792144,0.28229183640792144
eval_50051_low,eval_50051_low,train,low,low,0.012301009529250995,,0.65,0.0,2,2,97.7641017193897,96.49796024015039,1.2661414792393089,1.2661414792393089
eval_50053_low,eval_50053_low,heldout,low,low,0.018471270957218754,,0.65,0.0,2,1,365.07590899310145,365.56824789263317,-0.49233889953171683,0.49233889953171683
eval_50053_low,eval_50053_low,heldout,low,low,0.018471270957218754,,0.65,0.0,2,2,77.56072652742434,77.5852677501568,-0.024541222732466395,0.024541222732466395
eval_50055_high,eval_50055_high,heldout,high,high,0.06639095284066318,,0.65,0.0,2,1,-353.96799827935234,-354.16016542629677,0.1921671469444277,0.1921671469444277
eval_50055_high,eval_50055_high,heldout,high,high,0.06639095284066318,,0.65,0.0,2,2,105.90849447367015,106.04083687243221,-0.13234239876206288,0.13234239876206288
eval_50057_low,eval_50057_low,train,low,low,0.014935684726966734,,0.65,0.0,2,1,362.89659287002206,362.6897867578484,0.20680611217363776,0.20680611217363776
eval_50057_low,eval_50057_low,train,low,low,0.014935684726966734,,0.65,0.0,2,2,88.9167739700249,88.4223215646879,0.4944524053370003,0.4944524053370003
eval_50060_low,eval_50060_low,heldout,low,low,0.005894401651397412,,0.65,0.0,2,1,356.0146840113657,355.3289192109245,0.685764800441234,0.685764800441234
eval_50060_low,eval_50060_low,heldout,low,low,0.005894401651397412,,0.65,0.0,2,2,116.79300209679381,116.1350868209803,0.6579152758135081,0.6579152758135081
eval_50062_low,eval_50062_low,train,low,low,0.015377360985167936,,0.65,0.0,2,1,363.1718347951036,363.0493729369412,0.12246185816240995,0.12246185816240995
eval_50062_low,eval_50062_low,train,low,low,0.015377360985167936,,0.65,0.0,2,2,87.37423118303332,87.06852361803564,0.30570756499767526,0.30570756499767526
eval_50064_low,eval_50064_low,heldout,low,low,0.008894758105679055,,0.65,0.0,2,1,358.52763974545286,357.77162853314474,0.756011212308124,0.756011212308124
eval_50064_low,eval_50064_low,heldout,low,low,0.008894758105679055,,0.65,0.0,2,2,107.62428841844282,106.93858523954152,0.6857031789012922,0.6857031789012922
eval_50065_low,eval_50065_low,train,low,low,0.01636905420938832,,0.65,0.0,2,1,363.86393260030184,363.85674976716047,0.007182833141371248,0.007182833141371248
eval_50065_low,eval_50065_low,train,low,low,0.01636905420938832,,0.65,0.0,2,2,84.22214818929945,84.02884868480227,0.19329950449717614,0.19329950449717614
eval_50067_low,eval_50067_low,heldout,low,low,0.01709998591120215,,0.65,0.0,2,1,364.34991998155743,364.45183028813625,-0.10191030657881583,0.10191030657881583
eval_50067_low,eval_50067_low,heldout,low,low,0.01709998591120215,,0.65,0.0,2,2,81.8251877209596,81.78844336827329,0.03674435268631271,0.03674435268631271
eval_50068_low,eval_50068_low,train,low,low,0.008302576929119301,,0.65,0.0,2,1,357.8206138475658,357.2895103240361,0.5311035235297368,0.5311035235297368
eval_50068_low,eval_50068_low,train,low,low,0.008302576929119301,,0.65,0.0,2,2,109.47304044216828,108.75370127982346,0.7193391623448235,0.7193391623448235
eval_50071_low,eval_50071_low,heldout,low,low,0.005281390764774366,,0.65,0.0,2,1,355.50805355423466,354.8298427077844,0.6782108464502699,0.6782108464502699
eval_50071_low,eval_50071_low,heldout,low,low,0.005281390764774366,,0.65,0.0,2,2,118.66678271214042,118.0140487623933,0.6527339497471161,0.6527339497471161
eval_50072_high,eval_50072_high,train,high,high,0.06192391276905204,,0.65,0.0,2,1,-358.5855493810151,-358.54348373301826,-0.042065647996821554,0.042065647996821554
eval_50072_high,eval_50072_high,train,high,high,0.06192391276905204,,0.65,0.0,2,2,93.63763704273113,93.21108903932144,0.42654800340969246,0.42654800340969246
eval_50073_high,eval_50073_high,heldout,high,high,0.06509883693868776,,0.65,0.0,2,1,-355.44441782418687,-355.42806434744796,-0.01635347673891374,0.01635347673891374
eval_50073_high,eval_50073_high,heldout,high,high,0.06509883693868776,,0.65,0.0,2,2,102.08998510556543,102.32976176951331,-0.2397766639478789,0.2397766639478789
eval_50075_high,eval_50075_high,train,high,high,0.06533152385043917,,0.65,0.0,2,1,-355.09132735527487,-355.19973847983454,0.10841112455966595,0.10841112455966595
eval_50075_high,eval_50075_high,train,high,high,0.06533152385043917,,0.65,0.0,2,2,102.75050745457155,102.99805987160738,-0.24755241703583408,0.24755241703583408
eval_50076_high,eval_50076_high,heldout,high,high,0.06567481243204965,,0.65,0.0,2,1,-354.564957277976,-354.86288385123504,0.2979265732590193,0.2979265732590193
eval_50076_high,eval_50076_high,heldout,high,high,0.06567481243204965,,0.65,0.0,2,2,103.9228721196327,103.98401608991821,-0.06114397028551366,0.06114397028551366
eval_50077_low,eval_50077_low,train,low,low,0.0035135063064422093,,0.65,0.0,2,1,352.8786119772765,353.390537774261,-0.5119257969845421,0.5119257969845421
eval_50077_low,eval_50077_low,train,low,low,0.0035135063064422093,,0.65,0.0,2,2,122.35743736380014,123.43285564903883,-1.0754182852386833,1.0754182852386833
eval_50081_low,eval_50081_low,heldout,low,low,0.003831881469574032,,0.65,0.0,2,1,353.511861098409,353.64973963603836,-0.1378785376293763,0.1378785376293763
eval_50081_low,eval_50081_low,heldout,low,low,0.003831881469574032,,0.65,0.0,2,2,121.82856146400492,122.45699236884279,-0.6284309048378702,0.6284309048378702
eval_50083_low,eval_50083_low,train,low,low,0.005897655666465315,,0.65,0.0,2,1,355.90559398292135,355.3315684337959,0.5740255491254516,0.5740255491254516
eval_50083_low,eval_50083_low,train,low,low,0.005897655666465315,,0.65,0.0,2,2,116.66533865155722,116.12511282116596,0.5402258303912646,0.5402258303912646
eval_50084_low,eval_50084_low,heldout,low,low,0.005143582295106868,,0.65,0.0,2,1,355.5220388497652,354.7176473607758,0.8043914889893813,0.8043914889893813
eval_50084_low,eval_50084_low,heldout,low,low,0.005143582295106868,,0.65,0.0,2,2,118.87706997549014,118.43645050983375,0.44061946565639687,0.44061946565639687
eval_50087_low,eval_50087_low,train,low,low,0.01690623040688922,,0.65,0.0,2,1,364.6991030301478,364.29408623877794,0.40501679136986013,0.40501679136986013
eval_50087_low,eval_50087_low,train,low,low,0.01690623040688922,,0.65,0.0,2,2,82.46850062962088,82.38233040435645,0.08617022526442497,0.08617022526442497
eval_50090_high,eval_50090_high,train,high,high,0.06605962062435757,,0.65,0.0,2,1,-354.19045731108145,-354.4852877771279,0.2948304660464487,0.2948304660464487
eval_50090_high,eval_50090_high,train,high,high,0.06605962062435757,,0.65,0.0,2,2,104.76444053853184,105.0892204293199,-0.3247798907880508,0.3247798907880508
eval_50092_high,eval_50092_high,heldout,high,high,0.06337247545209575,,0.65,0.0,2,1,-357.3954714348969,-357.1220701738762,-0.2734012610206946,0.2734012610206946
eval_50092_high,eval_50092_high,heldout,high,high,0.06337247545209575,,0.65,0.0,2,2,97.42548144685946,97.37149361281391,0.05398783404555729,0.05398783404555729
eval_50093_high,eval_50093_high,train,high,high,0.06323874247208118,,0.65,0.0,2,1,-357.44948550712735,-357.2532967154144,-0.19618879171292747,0.19618879171292747
eval_50093_high,eval_50093_high,train,high,high,0.06323874247208118,,0.65,0.0,2,2,97.06197842884849,96.98740025724692,0.07457817160157276,0.07457817160157276
eval_50094_low,eval_50094_low,heldout,low,low,0.013824462996421386,,0.65,0.0,2,1,362.0436000163972,361.7850970246058,0.25850299179137437,0.25850299179137437
eval_50094_low,eval_50094_low,heldout,low,low,0.013824462996421386,,0.65,0.0,2,2,93.10580253562826,91.82836766554567,1.2774348700825868,1.2774348700825868
eval_50095_low,eval_50095_low,train,low,low,0.014056197202487321,,0.65,0.0,2,1,362.109332703125,361.9737610430516,0.13557166007342403,0.13557166007342403
eval_50095_low,eval_50095_low,train,low,low,0.014056197202487321,,0.65,0.0,2,2,92.25822371778578,91.1180707308206,1.1401529869651768,1.1401529869651768
eval_50097_high,eval_50097_high,heldout,high,high,0.06695300996135099,,0.65,0.0,2,1,-354.1048853279543,-353.60864244305975,-0.4962428848945706,0.4962428848945706
eval_50097_high,eval_50097_high,heldout,high,high,0.06695300996135099,,0.65,0.0,2,2,108.30099675812939,107.6551163529447,0.645880405184684,0.645880405184684
eval_50101_high,eval_50101_high,heldout,high,high,0.06469713758472403,,0.65,0.0,2,1,-355.8433081776451,-355.822235007169,-0.021073170476086034,0.021073170476086034
eval_50101_high,eval_50101_high,heldout,high,high,0.06469713758472403,,0.65,0.0,2,2,100.77631015544112,101.17604446824467,-0.3997343128035453,0.3997343128035453
eval_50106_high,eval_50106_high,heldout,high,high,0.06452919097333171,,0.65,0.0,2,1,-356.05891178977294,-355.9870339443772,-0.07187784539576114,0.07187784539576114
eval_50106_high,eval_50106_high,heldout,high,high,0.06452919097333171,,0.65,0.0,2,2,100.52432833939011,100.69368643271179,-0.1693580933216765,0.1693580933216765
eval_50109_high,eval_50109_high,train,high,high,0.06580264701000049,,0.65,0.0,2,1,-354.63931827131313,-354.737445163249,0.09812689193586266,0.09812689193586266
eval_50109_high,eval_50109_high,train,high,high,0.06580264701000049,,0.65,0.0,2,2,104.26897039489837,104.35116869503689,-0.08219830013851492,0.08219830013851492
eval_50110_low,eval_50110_low,heldout,low,low,0.015194542695484623,,0.65,0.0,2,1,362.94168122326187,362.90053330828823,0.041147914973635125,0.041147914973635125
eval_50110_low,eval_50110_low,heldout,low,low,0.015194542695484623,,0.65,0.0,2,2,88.18191479068606,87.6288866001704,0.5530281905156613,0.5530281905156613
eval_50112_low,eval_50112_low,train,low,low,0.0038718979795054707,,0.65,0.0,2,1,353.64340387941434,353.6823186656776,-0.03891478626326261,0.03891478626326261
eval_50112_low,eval_50112_low,train,low,low,0.0038718979795054707,,0.65,0.0,2,2,122.02225019937478,122.3343363103125,-0.3120861109377131,0.3120861109377131
eval_50115_high,eval_50115_high,heldout,high,high,0.06521975927623197,,0.65,0.0,2,1,-355.07724150747526,-355.30940834988536,0.2321668424100949,0.2321668424100949
eval_50115_high,eval_50115_high,heldout,high,high,0.06521975927623197,,0.65,0.0,2,2,102.9830557789807,102.67706178769357,0.30599399128712435,0.30599399128712435
eval_50118_low,eval_50118_low,heldout,low,low,0.003650014233431919,,0.65,0.0,2,1,353.3746613654801,353.501674297836,-0.12701293235591038,0.12701293235591038
eval_50118_low,eval_50118_low,heldout,low,low,0.003650014233431919,,0.65,0.0,2,2,122.01280293121886,123.01444024221333,-1.001637310994468,1.001637310994468
eval_50119_high,eval_50119_high,train,high,high,0.0653270328895529,,0.65,0.0,2,1,-355.2595988315998,-355.20414527062934,-0.055453560970477156,0.055453560970477156
eval_50119_high,eval_50119_high,train,high,high,0.0653270328895529,,0.65,0.0,2,2,103.14895036060959,102.98516142100574,0.16378893960384744,0.16378893960384744
eval_50120_high,eval_50120_high,heldout,high,high,0.06538017222884851,,0.65,0.0,2,1,-355.01021732981604,-355.15200187477717,0.14178454496112636,0.14178454496112636
eval_50120_high,eval_50120_high,heldout,high,high,0.06538017222884851,,0.65,0.0,2,2,102.84503368915891,103.13778246587023,-0.2927487767113206,0.2927487767113206
eval_50121_high,eval_50121_high,train,high,high,0.06465023595618206,,0.65,0.0,2,1,-356.10208623017326,-355.8682576001405,-0.2338286300327468,0.2338286300327468
eval_50121_high,eval_50121_high,train,high,high,0.06465023595618206,,0.65,0.0,2,2,100.8168342845721,101.04133869943372,-0.2245044148616273,0.2245044148616273
eval_50122_high,eval_50122_high,heldout,high,high,0.06572112249168846,,0.65,0.0,2,1,-354.8189650932943,-354.8174417399161,-0.001523353378217962,0.001523353378217962
eval_50122_high,eval_50122_high,heldout,high,high,0.06572112249168846,,0.65,0.0,2,2,103.78636328243186,104.117022818709,-0.33065953627713895,0.33065953627713895
eval_50124_high,eval_50124_high,train,high,high,0.06621672712945674,,0.65,0.0,2,1,-353.7636630786597,-354.3311257797277,0.5674627010679956,0.5674627010679956
eval_50124_high,eval_50124_high,train,high,high,0.06621672712945674,,0.65,0.0,2,2,105.57823516942385,105.5404446876769,0.037790481746952764,0.037790481746952764
eval_50138_low,eval_50138_low,train,low,low,0.0034086348735981294,,0.65,0.0,2,1,352.51192871170605,353.3051577767353,-0.7932290650292657,0.7932290650292657
eval_50138_low,eval_50138_low,train,low,low,0.0034086348735981294,,0.65,0.0,2,2,122.57050367796,123.75430088819434,-1.1837972102343315,1.1837972102343315
eval_50142_low,eval_50142_low,heldout,low,low,0.003419693060143414,,0.65,0.0,2,1,352.4647702615751,353.31416068548054,-0.8493904239054473,0.8493904239054473
eval_50142_low,eval_50142_low,heldout,low,low,0.003419693060143414,,0.65,0.0,2,2,122.68660428400254,123.72040603883188,-1.0338017548293408,1.0338017548293408
eval_50143_high,eval_50143_high,heldout,high,high,0.06531368708892389,,0.65,0.0,2,1,-355.35865923454617,-355.21724094276954,-0.14141829177663112,0.14141829177663112
eval_50143_high,eval_50143_high,heldout,high,high,0.06531368708892389,,0.65,0.0,2,2,103.04154442458652,102.94683106041882,0.09471336416770271,0.09471336416770271
eval_50144_low,eval_50144_low,train,low,low,0.0035365780907056937,,0.65,0.0,2,1,352.9275350059352,353.40932142992307,-0.48178642398784177,0.48178642398784177
eval_50144_low,eval_50144_low,train,low,low,0.0035365780907056937,,0.65,0.0,2,2,122.55503499584214,123.3621374848144,-0.8071024889722622,0.8071024889722622
eval_50146_low,eval_50146_low,heldout,low,low,0.00593522170707521,,0.65,0.0,2,1,355.4259526116997,355.36215243906156,0.06380017263813897,0.06380017263813897
eval_50146_low,eval_50146_low,heldout,low,low,0.00593522170707521,,0.65,0.0,2,2,116.37696259295103,116.00996778518721,0.36699480776381677,0.36699480776381677
eval_50147_low,eval_50147_low,train,low,low,0.005561112980319833,,0.65,0.0,2,1,355.6574731395625,355.05757567016957,0.5998974693929426,0.5998974693929426
eval_50147_low,eval_50147_low,train,low,low,0.005561112980319833,,0.65,0.0,2,2,117.76846299329348,117.15666203624068,0.6118009570528073,0.6118009570528073
eval_50149_high,eval_50149_high,train,high,high,0.06568377280679624,,0.65,0.0,2,1,-354.4392778152977,-354.85409141283463,0.41481359753692004,0.41481359753692004
eval_50149_high,eval_50149_high,train,high,high,0.06568377280679624,,0.65,0.0,2,2,103.71905971846911,104.00975110609137,-0.2906913876222603,0.2906913876222603
eval_50153_low,eval_50153_low,heldout,low,low,0.004825156577535588,,0.65,0.0,2,1,355.13823163856404,354.45840434062194,0.6798272979420972,0.6798272979420972
eval_50153_low,eval_50153_low,heldout,low,low,0.004825156577535588,,0.65,0.0,2,2,119.77651647938387,119.41246874627899,0.3640477331048828,0.3640477331048828
eval_50155_low,eval_50155_low,train,low,low,0.0051271084206409075,,0.65,0.0,2,1,355.2760789112959,354.7042353254579,0.5718435858379962,0.5718435858379962
eval_50155_low,eval_50155_low,train,low,low,0.0051271084206409075,,0.65,0.0,2,2,119.03893420683079,118.48694518101271,0.5519890258180737,0.5519890258180737
eval_50156_low,eval_50156_low,heldout,low,low,0.00783312111183486,,0.65,0.0,2,1,357.6891825833289,356.90730770287263,0.7818748804562574,0.7818748804562574
eval_50156_low,eval_50156_low,heldout,low,low,0.00783312111183486,,0.65,0.0,2,2,110.84078764594375,110.19264736235007,0.6481402835936763,0.6481402835936763
eval_50157_low,eval_50157_low,train,low,low,0.016315865911531346,,0.65,0.0,2,1,363.75682697116963,363.81344706196927,-0.056620090799640366,0.056620090799640366
eval_50157_low,eval_50157_low,train,low,low,0.016315865911531346,,0.65,0.0,2,2,84.08128568444512,84.19187806908015,-0.11059238463502652,0.11059238463502652
eval_50161_low,eval_50161_low,heldout,low,low,0.014120502819669076,,0.65,0.0,2,1,361.7710491686399,362.02611479933176,-0.25506563069188815,0.25506563069188815
eval_50161_low,eval_50161_low,heldout,low,low,0.014120502819669076,,0.65,0.0,2,2,91.5373456749961,90.92096524714933,0.6163804278467779,0.6163804278467779
eval_50163_high,eval_50163_high,heldout,high,high,0.06480414029130344,,0.65,0.0,2,1,-355.5129429842674,-355.71723775729004,0.20429477302263876,0.20429477302263876
eval_50163_high,eval_50163_high,heldout,high,high,0.06480414029130344,,0.65,0.0,2,2,101.39907159188667,101.4833660326064,-0.0842944407197308,0.0842944407197308
eval_50167_high,eval_50167_high,train,high,high,0.06513486086877031,,0.65,0.0,2,1,-355.45778099891237,-355.3927155818941,-0.06506541701827473,0.06506541701827473
eval_50167_high,eval_50167_high,train,high,high,0.06513486086877031,,0.65,0.0,2,2,102.25094469565678,102.43322579300707,-0.18228109735028397,0.18228109735028397
eval_50168_low,eval_50168_low,train,low,low,0.004949743462651742,,0.65,0.0,2,1,354.82560424387293,354.5598354706683,0.265768773204627,0.265768773204627
eval_50168_low,eval_50168_low,train,low,low,0.004949743462651742,,0.65,0.0,2,2,119.45982944933763,119.03059295803317,0.42923649130446506,0.42923649130446506
eval_50169_high,eval_50169_high,heldout,high,high,0.06461911179078858,,0.65,0.0,2,1,-355.9778740616608,-355.89879843294335,-0.07907562871747587,0.07907562871747587
eval_50169_high,eval_50169_high,heldout,high,high,0.06461911179078858,,0.65,0.0,2,2,100.68808545027773,100.95194724846999,-0.2638617981922664,0.2638617981922664
eval_50174_high,eval_50174_high,train,high,high,0.06613834481520009,,0.65,0.0,2,1,-354.09947445720894,-354.40803904387946,0.30856458667051356,0.30856458667051356
eval_50174_high,eval_50174_high,train,high,high,0.06613834481520009,,0.65,0.0,2,2,105.3246923003706,105.31532350891707,0.009368791453525205,0.009368791453525205
eval_50178_low,eval_50178_low,heldout,low,low,0.017229663400812972,,0.65,0.0,2,1,364.83998237657016,364.5574058814303,0.2825764951398355,0.2825764951398355
eval_50178_low,eval_50178_low,heldout,low,low,0.017229663400812972,,0.65,0.0,2,2,81.28061805657302,81.39096418323143,-0.11034612665841337,0.11034612665841337
eval_50185_high,eval_50185_high,heldout,high,high,0.06144111729752216,,0.65,0.0,2,1,-359.09438802165386,-359.01723059779533,-0.07715742385852309,0.07715742385852309
eval_50185_high,eval_50185_high,heldout,high,high,0.06144111729752216,,0.65,0.0,2,2,91.51256037526107,91.824456267867,-0.3118958926059321,0.3118958926059321
eval_50186_high,eval_50186_high,train,high,high,0.06658986643593846,,0.65,0.0,2,1,-353.9701582838276,-353.9649798918828,-0.0051783919447530025,0.0051783919447530025
eval_50186_high,eval_50186_high,train,high,high,0.06658986643593846,,0.65,0.0,2,2,106.92608984096576,106.612134919248,0.31395492171775174,0.31395492171775174
eval_50187_high,eval_50187_high,heldout,high,high,0.06458603172283665,,0.65,0.0,2,1,-355.4914028092686,-355.93125851056,0.4398557012913784,0.4398557012913784
eval_50187_high,eval_50187_high,heldout,high,high,0.06458603172283665,,0.65,0.0,2,2,100.85195221680657,100.85693826638752,-0.004986049580949725,0.004986049580949725
eval_50188_high,eval_50188_high,train,high,high,0.06552714237257962,,0.65,0.0,2,1,-355.0073768237021,-355.007786261926,0.00040943822392591755,0.00040943822392591755
eval_50188_high,eval_50188_high,train,high,high,0.06552714237257962,,0.65,0.0,2,2,103.90085330489485,103.55989416687095,0.340959138023905,0.340959138023905
eval_50193_low,eval_50193_low,train,low,low,0.0030567594630960893,,0.65,0.0,2,1,351.9574781226327,353.0186820334059,-1.0612039107732016,1.0612039107732016
eval_50193_low,eval_50193_low,train,low,low,0.0030567594630960893,,0.65,0.0,2,2,122.90836827527305,124.83284699378572,-1.924478718512674,1.924478718512674
eval_50194_low,eval_50194_low,heldout,low,low,0.015808136250662082,,0.65,0.0,2,1,363.58041844907376,363.400084185034,0.18033426403974318,0.18033426403974318
eval_50194_low,eval_50194_low,heldout,low,low,0.015808136250662082,,0.65,0.0,2,2,86.34190825296358,85.7481387002009,0.5937695527626801,0.5937695527626801
eval_50195_high,eval_50195_high,heldout,high,high,0.06620475074383063,,0.65,0.0,2,1,-354.434987290323,-354.3428777025942,-0.09210958772882805,0.09210958772882805
eval_50195_high,eval_50195_high,heldout,high,high,0.06620475074383063,,0.65,0.0,2,2,105.12291449486456,105.50604741228382,-0.38313291741926037,0.38313291741926037
eval_50196_high,eval_50196_high,train,high,high,0.06643167910250003,,0.65,0.0,2,1,-353.9770103352194,-354.12020246061655,0.14319212539714954,0.14319212539714954
eval_50196_high,eval_50196_high,train,high,high,0.06643167910250003,,0.65,0.0,2,2,106.28845959684305,106.15780642300165,0.1306531738414094,0.1306531738414094
eval_50198_low,eval_50198_low,train,low,low,0.016874775906804973,,0.65,0.0,2,1,364.86525414150617,364.2684778813203,0.5967762601858908,0.5967762601858908
eval_50198_low,eval_50198_low,train,low,low,0.016874775906804973,,0.65,0.0,2,2,82.58315893302562,82.47874273541643,0.10441619760918286,0.10441619760918286
eval_50199_high,eval_50199_high,heldout,high,high,0.06359471908698018,,0.65,0.0,2,1,-356.7602311108754,-356.90399185406613,0.1437607431907395,0.1437607431907395
eval_50199_high,eval_50199_high,heldout,high,high,0.06359471908698018,,0.65,0.0,2,2,97.7858518344109,98.00979766815514,-0.2239458337442386,0.2239458337442386
eval_50202_high,eval_50202_high,train,high,high,0.06630311870730962,,0.65,0.0,2,1,-354.15747415097366,-354.24635336249423,0.08887921152057743,0.08887921152057743
eval_50202_high,eval_50202_high,train,high,high,0.06630311870730962,,0.65,0.0,2,2,105.63997497740237,105.78856920435652,-0.14859422695414537,0.14859422695414537
eval_50204_low,eval_50204_low,heldout,low,low,0.010085546178167065,,0.65,0.0,2,1,359.4004922697107,358.74109638464097,0.6593958850697277,0.6593958850697277
eval_50204_low,eval_50204_low,heldout,low,low,0.010085546178167065,,0.65,0.0,2,2,104.82728150143109,103.28865745307243,1.5386240483586562,1.5386240483586562
eval_50208_high,eval_50208_high,train,high,high,0.06468593721147188,,0.65,0.0,2,1,-355.99615269653543,-355.8332254617723,-0.1629272347631172,0.1629272347631172
eval_50208_high,eval_50208_high,train,high,high,0.06468593721147188,,0.65,0.0,2,2,100.85779437669774,101.14387597139704,-0.28608159469929717,0.28608159469929717
eval_50208_low,eval_50208_low,train,low,low,0.022685937211471878,,0.65,0.0,2,1,367.78729537471577,368.9995750386526,-1.2122796639368403,1.2122796639368403
eval_50208_low,eval_50208_low,train,low,low,0.022685937211471878,,0.65,0.0,2,2,61.22399720212211,64.6667410807129,-3.4427438785907825,3.4427438785907825
eval_50209_low,eval_50209_low,heldout,low,low,0.013602031671591956,,0.65,0.0,2,1,362.1216935560852,361.60400685115684,0.5176867049283373,0.5176867049283373
eval_50209_low,eval_50209_low,heldout,low,low,0.013602031671591956,,0.65,0.0,2,2,93.44214472107537,92.51015000098658,0.931994720088781,0.931994720088781
eval_50213_high,eval_50213_high,train,high,high,0.06064117267448391,,0.65,0.0,2,1,-359.8068955363052,-359.80218256919375,-0.0047129671114589655,0.0047129671114589655
eval_50213_high,eval_50213_high,train,high,high,0.06064117267448391,,0.65,0.0,2,2,88.61955687024509,89.52694211319053,-0.9073852429454377,0.9073852429454377
eval_50216_high,eval_50216_high,heldout,high,high,0.06462940503869435,,0.65,0.0,2,1,-355.88086011258486,-355.8886981022416,0.007837989656763966,0.007837989656763966
eval_50216_high,eval_50216_high,heldout,high,high,0.06462940503869435,,0.65,0.0,2,2,100.75043886236313,100.98151039831815,-0.2310715359550244,0.2310715359550244
eval_50221_low,eval_50221_low,train,low,low,0.0034507126417910017,,0.65,0.0,2,1,352.7516311031781,353.33941495856993,-0.5877838553918195,0.5877838553918195
eval_50221_low,eval_50221_low,train,low,low,0.0034507126417910017,,0.65,0.0,2,2,122.49873405770806,123.6253267920742,-1.1265927343661417,1.1265927343661417
eval_50224_low,eval_50224_low,heldout,low,low,0.016963296439720825,,0.65,0.0,2,1,364.0783090438954,364.3405459619822,-0.26223691808678495,0.26223691808678495
eval_50224_low,eval_50224_low,heldout,low,low,0.016963296439720825,,0.65,0.0,2,2,81.8352803429526,82.20741523371619,-0.37213489076358996,0.37213489076358996
eval_50226_low,eval_50226_low,train,low,low,0.016711546831141396,,0.65,0.0,2,1,363.8263004128113,364.1355866096143,-0.3092861968029865,0.3092861968029865
eval_50226_low,eval_50226_low,train,low,low,0.016711546831141396,,0.65,0.0,2,2,82.73140407458983,82.97906210591479,-0.2476580313249599,0.2476580313249599
eval_50229_high,eval_50229_high,train,high,high,0.06674962811774324,,0.65,0.0,2,1,-354.1528401504778,-353.80821248139597,-0.34462766908183085,0.34462766908183085
eval_50229_high,eval_50229_high,train,high,high,0.06674962811774324,,0.65,0.0,2,2,107.03992488716415,107.07098508806004,-0.031060200895893786,0.031060200895893786
eval_50230_high,eval_50230_high,heldout,high,high,0.06619606505783483,,0.65,0.0,2,1,-353.8959805605444,-354.35140060049116,0.45542003994677316,0.45542003994677316
eval_50230_high,eval_50230_high,heldout,high,high,0.06619606505783483,,0.65,0.0,2,2,105.20402755395347,105.48110132733781,-0.2770737733843447,0.2770737733843447
eval_50232_high,eval_50232_high,train,high,high,0.06679261490450204,,0.65,0.0,2,1,-353.7162490763945,-353.7660313578049,0.049782281410386986,0.049782281410386986
eval_50232_high,eval_50232_high,train,high,high,0.06679261490450204,,0.65,0.0,2,2,107.36162048496429,107.19444707305009,0.16717341191420587,0.16717341191420587
eval_50241_high,eval_50241_high,heldout,high,high,0.06633662740069313,,0.65,0.0,2,1,-354.07961836682597,-354.2134726927918,0.13385432596584224,0.13385432596584224
eval_50241_high,eval_50241_high,heldout,high,high,0.06633662740069313,,0.65,0.0,2,2,106.10867357382315,105.88480923789899,0.2238643359241621,0.2238643359241621
eval_50244_high,eval_50244_high,train,high,high,0.06457142905837937,,0.65,0.0,2,1,-355.55679233648385,-355.945587490246,0.38879515376214613,0.38879515376214613
eval_50244_high,eval_50244_high,train,high,high,0.06457142905837937,,0.65,0.0,2,2,100.4816590039702,100.814998077879,-0.33333907390880313,0.33333907390880313
eval_50246_low,eval_50246_low,heldout,low,low,0.013294381761817999,,0.65,0.0,2,1,362.00966740593435,361.3535368439973,0.6561305619370614,0.6561305619370614
eval_50246_low,eval_50246_low,heldout,low,low,0.013294381761817999,,0.65,0.0,2,2,94.74359409006652,93.45313891742956,1.2904551726369675,1.2904551726369675
eval_50247_high,eval_50247_high,heldout,high,high,0.06410924285595125,,0.65,0.0,2,1,-356.2364834490342,-356.39911134714896,0.16262789811474931,0.16262789811474931
eval_50247_high,eval_50247_high,heldout,high,high,0.06410924285595125,,0.65,0.0,2,2,99.55471926860918,99.4875570130942,0.06716225551497246,0.06716225551497246
eval_50248_low,eval_50248_low,train,low,low,0.014908453957815069,,0.65,0.0,2,1,362.2761431634664,362.66761710745135,-0.3914739439849768,0.3914739439849768
eval_50248_low,eval_50248_low,train,low,low,0.014908453957815069,,0.65,0.0,2,2,88.94096690553886,88.50578758460354,0.43517932093531897,0.43517932093531897
eval_50257_low,eval_50257_low,heldout,low,low,0.016179008259124644,,0.65,0.0,2,1,364.18490740342537,363.702025813046,0.48288159037934975,0.48288159037934975
eval_50257_low,eval_50257_low,heldout,low,low,0.016179008259124644,,0.65,0.0,2,2,84.39426109623386,84.61136543198803,-0.21710433575417198,0.21710433575417198
eval_50259_high,eval_50259_high,train,high,high,0.0633245446146883,,0.65,0.0,2,1,-357.1214418537824,-357.16910268616544,0.04766083238303054,0.04766083238303054
eval_50259_high,eval_50259_high,train,high,high,0.0633245446146883,,0.65,0.0,2,2,97.13900855087954,97.23383186196563,-0.09482331108608832,0.09482331108608832
eval_50261_high,eval_50261_high,heldout,high,high,0.06645886878199246,,0.65,0.0,2,1,-353.8060126005693,-354.09352237313976,0.28750977257044497,0.28750977257044497
eval_50261_high,eval_50261_high,heldout,high,high,0.06645886878199246,,0.65,0.0,2,2,105.94234525469749,106.2358976704404,-0.2935524157429086,0.2935524157429086
eval_50264_high,eval_50264_high,train,high,high,0.06545430639035156,,0.65,0.0,2,1,-354.9121917359724,-355.0792571440247,0.16706540805233772,0.16706540805233772
eval_50264_high,eval_50264_high,train,high,high,0.06545430639035156,,0.65,0.0,2,2,103.45208281167076,103.35070256120311,0.1013802504676562,0.1013802504676562
eval_50274_low,eval_50274_low,train,low,low,0.014549329864212281,,0.65,0.0,2,1,362.21295273822005,362.3752399233919,-0.1622871851718628,0.1622871851718628
eval_50274_low,eval_50274_low,train,low,low,0.014549329864212281,,0.65,0.0,2,2,90.6714041926846,89.60655189213698,1.0648523005476278,1.0648523005476278
eval_50276_high,eval_50276_high,heldout,high,high,0.06560982400699188,,0.65,0.0,2,1,-354.80622744561333,-354.92665425595806,0.1204268103447248,0.1204268103447248
eval_50276_high,eval_50276_high,heldout,high,high,0.06560982400699188,,0.65,0.0,2,2,103.6151135604048,103.79736338651826,-0.18224982611346263,0.18224982611346263
eval_50280_high,eval_50280_high,train,high,high,0.0660343314613897,,0.65,0.0,2,1,-354.4166535568463,-354.5101029677735,0.09344941092717818,0.09344941092717818
eval_50280_high,eval_50280_high,train,high,high,0.0660343314613897,,0.65,0.0,2,2,104.63280112524355,105.01658763924263,-0.3837865139990839,0.3837865139990839
eval_50281_low,eval_50281_low,heldout,low,low,0.01366498664374326,,0.65,0.0,2,1,361.5149905960851,361.65526099368867,-0.1402703976035582,0.1402703976035582
eval_50281_low,eval_50281_low,heldout,low,low,0.01366498664374326,,0.65,0.0,2,2,93.58426004950913,92.3171844284718,1.2670756210373213,1.2670756210373213
eval_50282_high,eval_50282_high,heldout,high,high,0.06640661819273552,,0.65,0.0,2,1,-353.68410987074435,-354.1447936760059,0.46068380526156716,0.46068380526156716
eval_50282_high,eval_50282_high,heldout,high,high,0.06640661819273552,,0.65,0.0,2,2,105.92630747383458,106.08582919701026,-0.15952172317567204,0.15952172317567204
eval_50284_low,eval_50284_low,train,low,low,0.004900928530228974,,0.65,0.0,2,1,354.20024522960784,354.52009329592687,-0.3198480663190253,0.3198480663190253
eval_50284_low,eval_50284_low,train,low,low,0.004900928530228974,,0.65,0.0,2,2,119.35438713802269,119.18021738101903,0.17416975700365356,0.17416975700365356
eval_50287_high,eval_50287_high,train,high,high,0.06250857216562829,,0.65,0.0,2,1,-357.5985990207775,-357.9697820882768,0.3711830674993166,0.3711830674993166
eval_50287_high,eval_50287_high,train,high,high,0.06250857216562829,,0.65,0.0,2,2,95.42138445477853,94.89028432436093,0.5311001304175988,0.5311001304175988
eval_50288_low,eval_50288_low,heldout,low,low,0.003063736618096823,,0.65,0.0,2,1,352.4260252419997,353.02436241232846,-0.5983371703287617,0.5983371703287617
eval_50288_low,eval_50288_low,heldout,low,low,0.003063736618096823,,0.65,0.0,2,2,122.89938046683012,124.81146106248859,-1.912080595658466,1.912080595658466
eval_50289_low,eval_50289_low,train,low,low,0.005531147462119978,,0.65,0.0,2,1,355.5642368571323,355.0331795519859,0.5310573051464189,0.5310573051464189
eval_50289_low,eval_50289_low,train,low,low,0.005531147462119978,,0.65,0.0,2,2,117.81577418404582,117.2485104348269,0.5672637492189239,0.5672637492189239
eval_50292_low,eval_50292_low,heldout,low,low,0.003732307664588469,,0.65,0.0,2,1,353.30274092051536,353.568672647701,-0.2659317271856594,0.2659317271856594
eval_50292_low,eval_50292_low,heldout,low,low,0.003732307664588469,,0.65,0.0,2,2,122.0586385997749,122.76219965636786,-0.7035610565929602,0.7035610565929602
eval_50295_low,eval_50295_low,train,low,low,0.016188035206049136,,0.65,0.0,2,1,363.6065903619389,363.7093750089631,-0.10278464702417978,0.10278464702417978
eval_50295_low,eval_50295_low,train,low,low,0.016188035206049136,,0.65,0.0,2,2,84.20453263141154,84.58369660898929,-0.3791639775777469,0.3791639775777469
eval_50298_low,eval_50298_low,heldout,low,low,0.01522716962311263,,0.65,0.0,2,1,363.2801977846554,362.9270961855619,0.35310159909352024,0.35310159909352024
eval_50298_low,eval_50298_low,heldout,low,low,0.01522716962311263,,0.65,0.0,2,2,88.01970465176721,87.52888061884767,0.4908240329195479,0.4908240329195479
eval_50300_low,eval_50300_low,train,low,low,0.006517293775313102,,0.65,0.0,2,1,356.27639687012476,355.836040421691,0.44035644843376076,0.44035644843376076
eval_50300_low,eval_50300_low,train,low,low,0.006517293775313102,,0.65,0.0,2,2,114.83849730513907,114.2258375401218,0.6126597650172698,0.6126597650172698
eval_50301_high,eval_50301_high,heldout,high,high,0.06688255651277687,,0.65,0.0,2,1,-354.3239268191006,-353.67777544521687,-0.6461513738837539,0.6461513738837539
eval_50301_high,eval_50301_high,heldout,high,high,0.06688255651277687,,0.65,0.0,2,2,107.96868753721915,107.45276760193988,0.5159199352792712,0.5159199352792712
eval_50304_low,eval_50304_low,heldout,low,low,0.005343309461952666,,0.65,0.0,2,1,355.7460687486927,354.88025317771417,0.8658155709785547,0.8658155709785547
eval_50304_low,eval_50304_low,heldout,low,low,0.005343309461952666,,0.65,0.0,2,2,118.43824197991697,117.82425951394976,0.6139824659672115,0.6139824659672115
eval_50306_low,eval_50306_low,train,low,low,0.004591784435635975,,0.65,0.0,2,1,354.5673077117674,354.2684068135777,0.2989008981896859,0.2989008981896859
eval_50306_low,eval_50306_low,train,low,low,0.004591784435635975,,0.65,0.0,2,2,120.5060319458171,120.12778617763979,0.37824576817730815,0.37824576817730815
eval_50307_high,eval_50307_high,train,high,high,0.0656527847139986,,0.65,0.0,2,1,-355.1266432309541,-354.88449872332944,-0.24214450762463002,0.24214450762463002
eval_50307_high,eval_50307_high,train,high,high,0.0656527847139986,,0.65,0.0,2,2,104.02845074303863,103.92075046807395,0.10770027496468515,0.10770027496468515
eval_50311_high,eval_50311_high,heldout,high,high,0.0634179998723445,,0.65,0.0,2,1,-357.0683680837032,-357.077398977406,0.009030893702799858,0.009030893702799858
eval_50311_high,eval_50311_high,heldout,high,high,0.0634179998723445,,0.65,0.0,2,2,97.62885541354308,97.5022439133881,0.12661150015497924,0.12661150015497924
eval_50314_high,eval_50314_high,train,high,high,0.06665965524373195,,0.65,0.0,2,1,-353.8191220078369,-353.89649907373445,0.07737706589756499,0.07737706589756499
eval_50314_high,eval_50314_high,train,high,high,0.06665965524373195,,0.65,0.0,2,2,106.75429821694605,106.81257476111423,-0.05827654416818007,0.05827654416818007
eval_50316_low,eval_50316_low,heldout,low,low,0.016432461722628765,,0.65,0.0,2,1,364.0482216987212,363.90837234136166,0.1398493573595374,0.1398493573595374
eval_50316_low,eval_50316_low,heldout,low,low,0.016432461722628765,,0.65,0.0,2,2,84.09880226973107,83.83449601215275,0.26430625757831194,0.26430625757831194
eval_50318_low,eval_50318_low,train,low,low,0.015848794358254106,,0.65,0.0,2,1,363.32984703928923,363.43318556480415,-0.10333852551491418,0.10333852551491418
eval_50318_low,eval_50318_low,train,low,low,0.015848794358254106,,0.65,0.0,2,2,85.81955133108457,85.62351605736966,0.19603527371491225,0.19603527371491225
