receiver_id,pair_id,direction,split,history_regime,y_boundary,vy_boundary,x_boundary,vx_boundary,gravity_true,aligned_color,conflict_color,gravity_hat_aligned,gravity_hat_conflict,recovery_denominator,aligned_valid,conflict_valid,aligned_video_path,conflict_video_path,aligned_input_video_sha256,conflict_input_video_sha256,generation_seed
eval_50288_low,eval_50288_low,low,heldout,hist32,0.65,0.0,0.5,0.0,0.003063736618096823,red,blue,0.003203717091866532,0.015021985920547421,-0.01181826882868089,True,True,source:eval_50288_low_aligned.mp4,source:eval_50288_low_conflict.mp4,35a49e5fb0340bc2c4c6e17d654a618cea469f7af8bba8cc24b0655b73f9ca92,af5c169f42f6bac5ada58d62199f3ef60452e0b9b91776ec0e7a746aa374d1b6,17050288
eval_50144_low,eval_50144_low,low,train,hist32,0.65,0.0,0.5,0.0,0.0035365780907056937,red,blue,0.0033860871956682215,0.015143968003329917,-0.011757880807661696,True,True,source:eval_50144_low_aligned.mp4,source:eval_50144_low_conflict.mp4,f748ca5b8a3b5ae9ded946dd933e980c64ff633220e7f1bb45409929ca51725c,81b611550f27b829a64164a5a9235ce061860f88648eb54e0b4c9c4a69257461,17050144
eval_50142_low,eval_50142_low,low,heldout,hist32,0.65,0.0,0.5,0.0,0.003419693060143414,red,blue,0.0030716598287096595,0.014618796304525842,-0.011547136475816183,True,True,source:eval_50142_low_aligned.mp4,source:eval_50142_low_conflict.mp4,3863494f5a1c805a0811c8a14e22561bae3e9ac556fe54a1abbdfefadabea73e,908cadd4a27b91e113f0f90bae3da27fa0ad68a0605e708ce617f00f01618c02,17050142
eval_50292_low,eval_50292_low,low,heldout,hist32,0.65,0.0,0.5,0.0,0.003732307664588469,red,blue,0.003662082535451897,0.014286287997302681,-0.010624205461850784,True,True,source:eval_50292_low_aligned.mp4,source:eval_50292_low_conflict.mp4,ecf6f0b8645f25c8e6f172ca939584d92df9b3cf6f28d0d752ce599f375bc39b,fa483aabc1438dccca483067ce093ad8b5901c0be613f6565f458ebbeafdad9f,17050292
eval_50118_low,eval_50118_low,low,heldout,hist32,0.65,0.0,0.5,0.0,0.003650014233431919,red,blue,0.0034237917043662912,0.01411105079950164,-0.010687259095135349,True,True,source:eval_50118_low_aligned.mp4,source:eval_50118_low_conflict.mp4,4774b8fb79877bc09b2b253932c440dbfb03920d189b0cd15302f16dbdf93836,41b01810606147fd12cb389c72fbb2e720bf155e4fae5207b2b35d67d01c6668,17050118
eval_50221_low,eval_50221_low,low,train,hist32,0.65,0.0,0.5,0.0,0.0034507126417910017,red,blue,0.0035276711722007385,0.013428265986335947,-0.00990059481413521,True,True,source:eval_50221_low_aligned.mp4,source:eval_50221_low_conflict.mp4,7c4b8fb39d594fd96422cfad6e40fda7277668032a63110bc4e50c2e7ce14a82,2363d62be3047cb1446b296968fa1772ba4a7c12c5aa43bfed5e266988ffe963,17050221
eval_50284_low,eval_50284_low,low,train,hist32,0.65,0.0,0.5,0.0,0.004900928530228974,red,blue,0.004913979370736923,0.01464904528582075,-0.009735065915083828,True,True,source:eval_50284_low_aligned.mp4,source:eval_50284_low_conflict.mp4,c0f519b4e2e483748cc2c77789f01976e004dbc55fdf1a138612779bce15e350,d40866e14ea89e74f5d44b225a7ea1d0a5d63c1f6b30f68fa9ee32d53cdd645a,17050284
eval_50071_low,eval_50071_low,low,heldout,hist32,0.65,0.0,0.5,0.0,0.005281390764774366,red,blue,0.005301204886937605,0.014975096701406117,-0.009673891814468512,True,True,source:eval_50071_low_aligned.mp4,source:eval_50071_low_conflict.mp4,f9f62d5d6b72f050473fc4c8dc41e1f6e5a10ce5d2d3d1fa492e778842a02668,e33cda945438f4e0ff126b173196ad6c39b9a571cb58bc347ed5a4c16ad8a845,17050071
eval_50147_low,eval_50147_low,low,train,hist32,0.65,0.0,0.5,0.0,0.005561112980319833,red,blue,0.005430552754819663,0.015053931266350804,-0.00962337851153114,True,True,source:eval_50147_low_aligned.mp4,source:eval_50147_low_conflict.mp4,47a0878874f45b2762c3c6d6ce74b503078a71b098be653eda04cacd5c3c61d2,0ac1fd3c09abb701ce23372193705a0ef661cdeb2a834c2734798e3c6ca079d3,17050147
eval_50153_low,eval_50153_low,low,heldout,hist32,0.65,0.0,0.5,0.0,0.004825156577535588,red,blue,0.005319282263975514,0.014184984623688848,-0.008865702359713335,True,True,source:eval_50153_low_aligned.mp4,source:eval_50153_low_conflict.mp4,807213503708ecbf35774ef25aed64b4819269ad4a4bfb8967b566d51ed152bc,6b9d253c99947bf785106d7db90ba494f020f1abb30bf1c45e1643d8bdd8c1ee,17050153
eval_50295_low,eval_50295_low,low,train,hist32,0.65,0.0,0.5,0.0,0.016188035206049136,red,blue,0.01636274415987945,0.024901088691323292,-0.008538344531443844,True,True,source:eval_50295_low_aligned.mp4,source:eval_50295_low_conflict.mp4,e20a858b4bbdd828c6d6831397b53d80c6f8aa5263096142f9c03908e3eb698b,a47eb9d99ccdf102de2e858c0efb64956eda1656b64d3fd1e2570ef83b356181,17050295
eval_50077_low,eval_50077_low,low,train,hist32,0.65,0.0,0.5,0.0,0.0035135063064422093,red,blue,0.003303548727835502,0.012065441435687753,-0.008761892707852251,True,True,source:eval_50077_low_aligned.mp4,source:eval_50077_low_conflict.mp4,fee5856b3f7f04e7abbc3ec950472374a7af1ce7f06f6f43796482d8fe9dea46,3c2d29a127dd082dd7a6c3bb9e2488e74bdf52ce80cd9bb8252c92ecee661d7e,17050077
eval_50224_low,eval_50224_low,low,heldout,hist32,0.65,0.0,0.5,0.0,0.016963296439720825,red,blue,0.017283455155078228,0.02544997589940789,-0.008166520744329664,True,True,source:eval_50224_low_aligned.mp4,source:eval_50224_low_conflict.mp4,44bf76369540e6b678b9b8d4d0df3b381b46a823681aad47af77d33a5a3a6eb6,7d46f038d5409aa6c85c8128c6cd0e8507bc4c3b484c221bdebc3fd08b928016,17050224
eval_50306_low,eval_50306_low,low,train,hist32,0.65,0.0,0.5,0.0,0.004591784435635975,red,blue,0.004441793948753974,0.01296646620077879,-0.008524672252024816,True,True,source:eval_50306_low_aligned.mp4,source:eval_50306_low_conflict.mp4,b0fae31713c28605df25bea51d75fed456a88667a8b6c685ed9c9d69a02a0234,5acf59ad2305f1ca847998190a6e05069173de8e4bd6d92a2f6fddb19a35bbdb,17050306
eval_50248_low,eval_50248_low,low,train,hist32,0.65,0.0,0.5,0.0,0.014908453957815069,red,blue,0.015307901013793037,0.022911105096375253,-0.007603204082582216,True,True,source:eval_50248_low_aligned.mp4,source:eval_50248_low_conflict.mp4,d9b856f4cf1f1452ba443a2c716aa5a534ee0fc3f32373476d6f8d73bc8ddbd7,29e9aab7e0b17d629c9c7c569325fd68c78bd1b058e6508a191ace9508c73835,17050248
eval_50112_low,eval_50112_low,low,train,hist32,0.65,0.0,0.5,0.0,0.0038718979795054707,red,blue,0.003788566849331258,0.011833296850183316,-0.008044730000852058,True,True,source:eval_50112_low_aligned.mp4,source:eval_50112_low_conflict.mp4,ad91120448304a5171e1800688e83ed36d05dabbc1c04c4268fa7ce86d275bee,7b5cf91581ce4c5a2b4fcd529b83ba3cc85b6821f9c5796c96e1ae7f8c744d14,17050112
eval_50065_low,eval_50065_low,low,train,hist32,0.65,0.0,0.5,0.0,0.01636905420938832,red,blue,0.015943696090709412,0.02429702881933679,-0.008353332728627379,True,True,source:eval_50065_low_aligned.mp4,source:eval_50065_low_conflict.mp4,847a23eedf50572dc86165bb82074ba4d83572b9d6b747bb4eaa6de6c9c166ff,ee95bbd71a76437aea22fe051d12d643a03b6148655b40cb9a6138046d468571,17050065
eval_50084_low,eval_50084_low,low,heldout,hist32,0.65,0.0,0.5,0.0,0.005143582295106868,red,blue,0.004945824665685711,0.01290354126472237,-0.007957716599036659,True,True,source:eval_50084_low_aligned.mp4,source:eval_50084_low_conflict.mp4,0ee5a03c7ef7267a6cf8b4ea0af49a71210118748f8afc2c7a3ebb887337dcef,546e9629dc88013c70b424170c5f01eab2e44acc1b561e660168a151d47ed8da,17050084
eval_50083_low,eval_50083_low,low,train,hist32,0.65,0.0,0.5,0.0,0.005897655666465315,red,blue,0.006227945373117139,0.013566626078742412,-0.007338680705625273,True,True,source:eval_50083_low_aligned.mp4,source:eval_50083_low_conflict.mp4,f712b10ef8f5fb9e290368158c6936e697be5e1c5361b35012d7d992589d18b7,ed329060d4ab26468742778bb412fe958dccbb179b3d68b52cfa67b1044f8429,17050083
eval_50300_low,eval_50300_low,low,train,hist32,0.65,0.0,0.5,0.0,0.006517293775313102,red,blue,0.006738922095942451,0.01415193924692704,-0.0074130171509845895,True,True,source:eval_50300_low_aligned.mp4,source:eval_50300_low_conflict.mp4,f7bc6f13c27832e6dc835698f26519024a0065a596056c4e9b9b0a38c6cf7bd3,e1c439e014185d87a8e4d68fdd594d15b74b5ced809aafad41a60e7de12ec140,17050300
eval_50198_low,eval_50198_low,low,train,hist32,0.65,0.0,0.5,0.0,0.016874775906804973,red,blue,0.016699794032464493,0.024482739304740653,-0.007782945272276159,True,True,source:eval_50198_low_aligned.mp4,source:eval_50198_low_conflict.mp4,3a479974043311214e504af204d7fb8ee64c45d101f97fec87af7b4d0be3057d,e8fd33b1005724455136e1bbe406befc9942dde469665e08c12506a344dda9bd,17050198
eval_50304_low,eval_50304_low,low,heldout,hist32,0.65,0.0,0.5,0.0,0.005343309461952666,red,blue,0.005552155621460983,0.012829311330608033,-0.0072771557091470505,True,True,source:eval_50304_low_aligned.mp4,source:eval_50304_low_conflict.mp4,f0b38aa3ed64bf4bdf49150d26767288daf3d0e2a4c2bc343c950058e2bea41a,1d9034207fb944dc50375d596557d9af8a803002395e136eabc829c8c386254a,17050304
eval_50155_low,eval_50155_low,low,train,hist32,0.65,0.0,0.5,0.0,0.0051271084206409075,red,blue,0.00513304536375201,0.012370803253785876,-0.007237757890033865,True,True,source:eval_50155_low_aligned.mp4,source:eval_50155_low_conflict.mp4,d3f6eb06417119a7644427ac18d8a00f0d9b7bf3f55ae55cc1b15bc80cac05c1,d89bea4f8bc44cd883a2b9f2a7ba76541a6aa0f2cb2f518d7c6d09a3410214b6,17050155
eval_50138_low,eval_50138_low,low,train,hist32,0.65,0.0,0.5,0.0,0.0034086348735981294,red,blue,0.003496285235534627,0.010383137401729971,-0.0068868521661953445,True,True,source:eval_50138_low_aligned.mp4,source:eval_50138_low_conflict.mp4,d52963153d3bc9aa34841d0dbdd739040cc13c3b125ea97e701ecfd66493352f,5e911a8a99e0b62f69f2c1726cf00fe7aa9bb2191a9cb30a2f468f64d43edd2c,17050138
eval_50051_low,eval_50051_low,low,train,hist32,0.65,0.0,0.5,0.0,0.012301009529250995,red,blue,0.012337148102211454,0.019218936279512284,-0.00688178817730083,True,True,source:eval_50051_low_aligned.mp4,source:eval_50051_low_conflict.mp4,1854a33abfa805f9d39f57cbbae7864effbba8f8b8cbc2d3a592ed5ab685b618,af4a59f74c54163765d064773550018d178420bbb40b5b1392c8a341e3265042,17050051
eval_50168_low,eval_50168_low,low,train,hist32,0.65,0.0,0.5,0.0,0.004949743462651742,red,blue,0.004931275041623499,0.011807613286583212,-0.006876338244959713,True,True,source:eval_50168_low_aligned.mp4,source:eval_50168_low_conflict.mp4,935a0b404027f50b7eb003a9f5470dc43eb7188cdbcba41152d30367bb31047a,a9f3d18b52af56528e2c1a76cdd177cdcd99eb526e4775bbaf6abc373f9d4dc1,17050168
eval_50005_low,eval_50005_low,low,heldout,hist32,0.65,0.0,0.5,0.0,0.007266470942510986,red,blue,0.006862231475129824,0.014106756028437886,-0.007244524553308061,True,True,source:eval_50005_low_aligned.mp4,source:eval_50005_low_conflict.mp4,2cd1efa5f9245582adfd4b6ae7536f80216df84bee9a7ec6db17fa762744d99f,33532e527993128fb9ad4ba168d10444ee677ab9ea9ae05f9065c3fb8fa96d5e,17050005
eval_50047_low,eval_50047_low,low,heldout,hist32,0.65,0.0,0.5,0.0,0.01691397692932508,red,blue,0.01676586524119642,0.023563188214477223,-0.006797322973280805,True,True,source:eval_50047_low_aligned.mp4,source:eval_50047_low_conflict.mp4,da60b73ba761b62bc61a99a24d77c9b722b588f42c9a8126540371b8913e9b10,40a1a72c3ec65d92f768b20ccc0f6e0e3a15ffa656e3e7c3d51a3f50351f7434,17050047
eval_50194_low,eval_50194_low,low,heldout,hist32,0.65,0.0,0.5,0.0,0.015808136250662082,red,blue,0.015242655007474305,0.022283532288386827,-0.007040877280912522,True,True,source:eval_50194_low_aligned.mp4,source:eval_50194_low_conflict.mp4,23df0e3909b357638c8dae37da6a9e270273ea873461a88ba410c39612493c0c,111ef5ea1cc57b14fe773ad1b0bdfecf3866657af5a62c615529c957dc656e9d,17050194
eval_50193_low,eval_50193_low,low,train,hist32,0.65,0.0,0.5,0.0,0.0030567594630960893,red,blue,0.003327191180820093,0.009453864207693195,-0.006126673026873102,True,True,source:eval_50193_low_aligned.mp4,source:eval_50193_low_conflict.mp4,a2d07c8520a98bcda7bf20743d982cdba8d0195983689bc131fc7e9675ec9047,2264ac7b0981385b3e48c638a74fd8e4b083b4b3354fc03f83a6deff6f2a1b4c,17050193
eval_50094_low,eval_50094_low,low,heldout,hist32,0.65,0.0,0.5,0.0,0.013824462996421386,red,blue,0.01330545647404268,0.020151873612454997,-0.006846417138412317,True,True,source:eval_50094_low_aligned.mp4,source:eval_50094_low_conflict.mp4,7544fd0f36b3cd5a9c55005a408557a4e6a5d65b4cdeb3185517b0ed0a5769f7,447a9ce00f0cef1214749ce311fdef5493c9484df9962124e430391ec6702829,17050094
eval_50081_low,eval_50081_low,low,heldout,hist32,0.65,0.0,0.5,0.0,0.003831881469574032,red,blue,0.003263436451231198,0.010129783627780083,-0.006866347176548885,True,True,source:eval_50081_low_aligned.mp4,source:eval_50081_low_conflict.mp4,cfd4d5c9b85494cc27aee9607f4f11e5dcfd5ba20065ace65b02e947ba09063b,b58472efc3eb79da425ed207c6d8d35623fa2a14528b30ec3fa65354cb28d71a,17050081
eval_50087_low,eval_50087_low,low,train,hist32,0.65,0.0,0.5,0.0,0.01690623040688922,red,blue,0.016692213468151106,0.023179238693669325,-0.006487025225518219,True,True,source:eval_50087_low_aligned.mp4,source:eval_50087_low_conflict.mp4,77e9df02b79ed046df00680e483a197c03a97b41758940556843e6dc190568f1,613d017db36c88e55ea81bd4565f40a333f53a309e989be65a5bf37a55a65667,17050087
eval_50032_low,eval_50032_low,low,train,hist32,0.65,0.0,0.5,0.0,0.013768197958166802,red,blue,0.014036727638646569,0.0199338228521074,-0.00589709521346083,True,True,source:eval_50032_low_aligned.mp4,source:eval_50032_low_conflict.mp4,5ac48d112b0816f32a7c12703563fb97fa3edb400ea913978688f96e23e44acb,16c62a7336e6399fd5829c2a46464b6a081f98ea2767adf3d5be6fda9bc0b827,17050032
eval_50064_low,eval_50064_low,low,heldout,hist32,0.65,0.0,0.5,0.0,0.008894758105679055,red,blue,0.00889751618245465,0.01464795857377075,-0.005750442391316101,True,True,source:eval_50064_low_aligned.mp4,source:eval_50064_low_conflict.mp4,42f359f31740daa069acf6b63a334689f4c95bf2701b3609294cbe5e072d0875,fa826bfc804fa331b619e4875c34bc9b2d7cf851239ef8ea30d1817132d89cd0,17050064
eval_50298_low,eval_50298_low,low,heldout,hist32,0.65,0.0,0.5,0.0,0.01522716962311263,red,blue,0.014955436928192596,0.020953953894182975,-0.005998516965990379,True,True,source:eval_50298_low_aligned.mp4,source:eval_50298_low_conflict.mp4,5e5bb1954e2cf259196243dce8ffd488c54ff7f1f48953d30a5cb2e1ebfa8ca3,8f7caca03719a4f9283030fa2e8e08e6c3845145d360eae9aff442c39f8f53b7,17050298
eval_50044_low,eval_50044_low,low,train,hist32,0.65,0.0,0.5,0.0,0.017074621849459255,red,blue,0.01776176180372728,0.022721826133799358,-0.0049600643300720774,True,True,source:eval_50044_low_aligned.mp4,source:eval_50044_low_conflict.mp4,80a4fe5bd419e722bba02ba859e004782de68233f6d5e99c5fd4431016c26ab0,2912816bf71e11d8dd8ba41830eeba16dd6c3179d12921f986b41b400c6fb8c0,17050044
eval_50246_low,eval_50246_low,low,heldout,hist32,0.65,0.0,0.5,0.0,0.013294381761817999,red,blue,0.013589024275197379,0.018857721075964687,-0.005268696800767308,True,True,source:eval_50246_low_aligned.mp4,source:eval_50246_low_conflict.mp4,da82526a3dd9c60bddedb581b9645a27b1328ec8ed2012edf888c8037c6c3452,b2bd284f3a662f71d6e00ea8687a9e05517d9c8f974ef84c4d92f49eec7f55da,17050246
eval_50161_low,eval_50161_low,low,heldout,hist32,0.65,0.0,0.5,0.0,0.014120502819669076,red,blue,0.014359154968982714,0.019634812904322486,-0.005275657935339772,True,True,source:eval_50161_low_aligned.mp4,source:eval_50161_low_conflict.mp4,f463d510c4a89d5ebc20369e2997b897d6233bb165337d65cf0fc01610d4b7c8,9542cf4a8ea7b8e212ee5839f07b464ead5db3e2f0839de31f27dbb2c548f1c5,17050161
eval_50289_low,eval_50289_low,low,train,hist32,0.65,0.0,0.5,0.0,0.005531147462119978,red,blue,0.005505533063934198,0.010996930557778445,-0.005491397493844247,True,True,source:eval_50289_low_aligned.mp4,source:eval_50289_low_conflict.mp4,2f6eed964be67b5ee3e411f1f70c201606423cc33d6ba0f53c3c1daad97463c0,2688f938c3d5e5fb6add23ef2f389bf0dd9b84cfde50c9ae1a4e02e20917daec,17050289
eval_50057_low,eval_50057_low,low,train,hist32,0.65,0.0,0.5,0.0,0.014935684726966734,red,blue,0.014950428534915563,0.02030278086953838,-0.0053523523346228185,True,True,source:eval_50057_low_aligned.mp4,source:eval_50057_low_conflict.mp4,593f61a36d3804e3b6689346c9ae6c5e5a2b8f99f698570caf2550475793b536,58077e20511dfab4230bec06802f0aa257b049fbe6a4f5ad4cdbcfeb69be8d1a,17050057
eval_50257_low,eval_50257_low,low,heldout,hist32,0.65,0.0,0.5,0.0,0.016179008259124644,red,blue,0.015972799900981972,0.02153389677520779,-0.005561096874225818,True,True,source:eval_50257_low_aligned.mp4,source:eval_50257_low_conflict.mp4,fe4383c0d6f4858f0fe54ef68fa6c6a6bede0fc6bb80efd36f8353b0d701cdb0,cd5fdca6f1aa04cc08c8ae6ccaf7af6f8c5d80b1aa07587dfaba2f9deb865e58,17050257
eval_50156_low,eval_50156_low,low,heldout,hist32,0.65,0.0,0.5,0.0,0.00783312111183486,red,blue,0.008062293867284987,0.01313886419313098,-0.005076570325845993,True,True,source:eval_50156_low_aligned.mp4,source:eval_50156_low_conflict.mp4,ee8373ccd47c150a6c5a515026283d05575c7188e2e5a7589758e72337e5e16a,99387a5a976259a0980c922f44553e64af373adfa137bb5236e87e068822a888,17050156
eval_50226_low,eval_50226_low,low,train,hist32,0.65,0.0,0.5,0.0,0.016711546831141396,red,blue,0.016747815625121946,0.022008496679910262,-0.005260681054788316,True,True,source:eval_50226_low_aligned.mp4,source:eval_50226_low_conflict.mp4,3700e5ddeb61ab9e72fd42e1f46f196968ae36b0cd20caa75dd68a8a94d01ee5,e4c2e97aef0c09c530e360f602871596fbf494e07eb086eca261cff8aeee026f,17050226
eval_50068_low,eval_50068_low,low,train,hist32,0.65,0.0,0.5,0.0,0.008302576929119301,red,blue,0.007920066725133592,0.013534094725205234,-0.005614028000071642,True,True,source:eval_50068_low_aligned.mp4,source:eval_50068_low_conflict.mp4,d570bcdb2b3fcfccac3023c489a12238b095561f7d79932c7ed04a755ec8ef56,478bb083450b429b276d7b8896563e67b1fdc63b8704f646f8ddbb6a60aed6d0,17050068
eval_50274_low,eval_50274_low,low,train,hist32,0.65,0.0,0.5,0.0,0.014549329864212281,red,blue,0.014812222597395522,0.019758490372519078,-0.004946267775123556,True,True,source:eval_50274_low_aligned.mp4,source:eval_50274_low_conflict.mp4,34b7f64bdb307e784a17330b6e3c3fcf9a838cb9f597cbf331bc547949db62dd,15ad3fd9f990d1e6e1f817b7fa5b7cb759a87e804b831c91fe8646d5fe3eeca0,17050274
eval_50316_low,eval_50316_low,low,heldout,hist32,0.65,0.0,0.5,0.0,0.016432461722628765,red,blue,0.01578288997628444,0.021614204176859934,-0.005831314200575494,True,True,source:eval_50316_low_aligned.mp4,source:eval_50316_low_conflict.mp4,cd3dfb07ac8e1142e100688c44294dc9ec4a98daa94e79bb18220000874f980b,b91c5df2bd91d56315d7c0a491beede42978903bb0020e235f22bd5dd4193e41,17050316
eval_50146_low,eval_50146_low,low,heldout,hist32,0.65,0.0,0.5,0.0,0.00593522170707521,red,blue,0.0061292427443607475,0.011101957571796073,-0.004972714827435326,True,True,source:eval_50146_low_aligned.mp4,source:eval_50146_low_conflict.mp4,051d0699517d8e9225628afca8885bb5d4255bdc73a7cb7a8b5486aa3075f6ce,4aac3673d877ace2d323f707d659329fe8779da04163b56f57d2e21e9a4d1b7d,17050146
eval_50178_low,eval_50178_low,low,heldout,hist32,0.65,0.0,0.5,0.0,0.017229663400812972,red,blue,0.016895079341908852,0.022381960370855845,-0.005486881028946993,True,True,source:eval_50178_low_aligned.mp4,source:eval_50178_low_conflict.mp4,49c6ea8fa6b16787bbd3a067e95a44b0eb96ee9930616fc21aba3f880f71bedf,541a9bd26a114cf4455c78fd208644f5ba2570fe035ca9d61f934ec8d7a550ae,17050178
eval_50060_low,eval_50060_low,low,heldout,hist32,0.65,0.0,0.5,0.0,0.005894401651397412,red,blue,0.006003853321373581,0.01102143680323288,-0.005017583481859299,True,True,source:eval_50060_low_aligned.mp4,source:eval_50060_low_conflict.mp4,907f4ce17429278a6dca71caa17e96331d3178cf0a91cfaaced154a671052f0b,a40b8fa24d920343ec706d8d18b0c609ff512b1009998c6565f3312a3d67bb7e,17050060
eval_50204_low,eval_50204_low,low,heldout,hist32,0.65,0.0,0.5,0.0,0.010085546178167065,red,blue,0.009887796076830428,0.015199802263388537,-0.0053120061865581086,True,True,source:eval_50204_low_aligned.mp4,source:eval_50204_low_conflict.mp4,54e592c5f25d2c4e69ebb70894bd448503e73142d685e3c6ab07c5d04dee0eb6,611dea1ffc02dbddab1b16a3d08b99984ad29beffb1e25ffd97d3aeb1335de1c,17050204
eval_50067_low,eval_50067_low,low,heldout,hist32,0.65,0.0,0.5,0.0,0.01709998591120215,red,blue,0.017172965214373385,0.022191077681429767,-0.005018112467056381,True,True,source:eval_50067_low_aligned.mp4,source:eval_50067_low_conflict.mp4,a1cb9b5d09e3effb462dac1d607494741f1219bea5c42db64a4d90f10ef123a1,fe44763f8ed3e0e153d4b09f60d4b1e8a2f31c3849dba806c7b32f801b445025,17050067
eval_50110_low,eval_50110_low,low,heldout,hist32,0.65,0.0,0.5,0.0,0.015194542695484623,red,blue,0.015076838461815038,0.020252063241660012,-0.005175224779844974,True,True,source:eval_50110_low_aligned.mp4,source:eval_50110_low_conflict.mp4,48e244a22ea2556f8265290a9ea8f90d2049c93b9254b25ec80a3d162e73d179,321d7df322d7e487d998b5018c2af9bdc1156ca44ab247d07299316f581e6155,17050110
eval_50281_low,eval_50281_low,low,heldout,hist32,0.65,0.0,0.5,0.0,0.01366498664374326,red,blue,0.013101727313543714,0.018680592288138755,-0.005578864974595041,True,True,source:eval_50281_low_aligned.mp4,source:eval_50281_low_conflict.mp4,1b43be3c24d62109a695a7c0fa917edb58b87859f01fdff89fc3a008d42a330e,7cfb8a856076a121709ddb95b0513408757f89b2b1a6bd20bcade2dbeff1e6bc,17050281
eval_50062_low,eval_50062_low,low,train,hist32,0.65,0.0,0.5,0.0,0.015377360985167936,red,blue,0.015441378394107218,0.020372243653159545,-0.004930865259052328,True,True,source:eval_50062_low_aligned.mp4,source:eval_50062_low_conflict.mp4,4dbb19a2d857bceaa94fb6b72953066bc9d77953e4d538b2dd32784cd8c17d21,1979b4814c06df5a1e5a770def9c430b9b1cc1113cc5236bf82c9964a5c3b731,17050062
eval_50022_low,eval_50022_low,low,heldout,hist32,0.65,0.0,0.5,0.0,0.016146214477300393,red,blue,0.0157886463276882,0.021072786592906158,-0.005284140265217958,True,True,source:eval_50022_low_aligned.mp4,source:eval_50022_low_conflict.mp4,8b389a6e59ad6fcda8e0a5a9cb2fce20e5267395328e15bb6c1221c5d0b71e46,f6438443a472d5419d393bbec7812fd5779832bbc378c354805efa367a51c034,17050022
eval_50157_low,eval_50157_low,low,train,hist32,0.65,0.0,0.5,0.0,0.016315865911531346,red,blue,0.016395770375768,0.02116414626408769,-0.00476837588831969,True,True,source:eval_50157_low_aligned.mp4,source:eval_50157_low_conflict.mp4,c93756769a204d4e38f1222424bf12c3b207b9b3cea54228d1606a65363296bd,141be5b90be2924214c9fa1e16f9f3f33a0c029c65ad073b75d678c19c4dfb1d,17050157
eval_50318_low,eval_50318_low,low,train,hist32,0.65,0.0,0.5,0.0,0.015848794358254106,red,blue,0.015863144097169598,0.020689051829604215,-0.004825907732434617,True,True,source:eval_50318_low_aligned.mp4,source:eval_50318_low_conflict.mp4,053a31fb7252624c3bfd1d53b96dd66c5337d2c84a9d0e6d7d043287cf5ee43d,89d5aacc34bb22b8e13f00da5164ea7ffee4a87b960eb2ec9b828dd754c2a37a,17050318
eval_50053_low,eval_50053_low,low,heldout,hist32,0.65,0.0,0.5,0.0,0.018471270957218754,red,blue,0.018120805768325563,0.023268571899069068,-0.005147766130743504,True,True,source:eval_50053_low_aligned.mp4,source:eval_50053_low_conflict.mp4,0ac82eb6bf6f10b496a3b6436b75526a67aa12d03294eb075d5b8f457e42f7f1,fb91425d7b1b4bffbbde9cc9d7c3fa11e30be22f5bf4627c8db1e47116c13462,17050053
eval_50013_low,eval_50013_low,low,train,hist32,0.65,0.0,0.5,0.0,0.017414317598493944,red,blue,0.01721655984396899,0.022181953574899,-0.0049653937309300095,True,True,source:eval_50013_low_aligned.mp4,source:eval_50013_low_conflict.mp4,f6060f5b81c4f4b0101219583cde307c10d3ff97eb7bc1b296c625bc231c3103,ec0e106ce4682f3a45a28c2b2e9d2bd41b0b7c722f9517df6c47a1995be29b13,17050013
eval_50209_low,eval_50209_low,low,heldout,hist32,0.65,0.0,0.5,0.0,0.013602031671591956,red,blue,0.013931596095711702,0.018276440832690328,-0.004344844736978626,True,True,source:eval_50209_low_aligned.mp4,source:eval_50209_low_conflict.mp4,49cffacfd1a74501807f768f3860480e813b9f2d2795f885a6c3f62914bcbb7a,c879e948ca7611c0a32da698dd519381683d37bdb446a79b792e3bf45b3b180c,17050209
eval_50034_low,eval_50034_low,low,heldout,hist32,0.65,0.0,0.5,0.0,0.01684377991700454,red,blue,0.016669812988946955,0.02151181316634574,-0.004842000177398786,True,True,source:eval_50034_low_aligned.mp4,source:eval_50034_low_conflict.mp4,4811b08dba16cb40e2df0f800d6decc34df1eee07bbe9d011970c598a9093681,2f9635c3ba93db99a466de5207d94ea25e081cb32265cfa6955e5e5bf9997471,17050034
eval_50208_low,eval_50208_low,low,train,hist32,0.65,0.0,0.5,0.0,0.022685937211471878,red,blue,0.02267303642168889,0.01803476888652308,0.004638267535165809,True,True,source:eval_50208_low_aligned.mp4,source:eval_50208_low_conflict.mp4,4f0359320da956a0da5764d682a13d124f631f097491ac667208d660a58eb706,1ca1f98e061e57d0dd0b653d6f7dfe5d384f87ee5297be8a87a86929f8071a0f,17050208
eval_50095_low,eval_50095_low,low,train,hist32,0.65,0.0,0.5,0.0,0.014056197202487321,red,blue,0.013941863983291924,0.01869353883083034,-0.004751674847538417,True,True,source:eval_50095_low_aligned.mp4,source:eval_50095_low_conflict.mp4,5aa7fd2d936af16f3d4c49523ddd756a3e2c3ae75877e61d9469ed112db83a4a,f338461e0eab5e2be9172381eabf737bd7a3d75a15b24c0f4e182621e76d4246,17050095
eval_50232_high,eval_50232_high,high,train,hist32,0.65,0.0,0.5,0.0,0.06679261490450204,blue,red,0.06557478532088985,0.044435273067088846,0.021139512253801007,True,True,source:eval_50232_high_aligned.mp4,source:eval_50232_high_conflict.mp4,8901f2d8a42ef1bd0efc842bbaf9e8291ea96b97a6d1553d5d6851cbb07105af,d30cd0250323ba718af70469d9476723c863a71674a130d5107ebb4764b98f06,17050232
eval_50167_high,eval_50167_high,high,train,hist32,0.65,0.0,0.5,0.0,0.06513486086877031,blue,red,0.06480429765089112,0.04284293969630316,0.021961357954587958,True,True,source:eval_50167_high_aligned.mp4,source:eval_50167_high_conflict.mp4,32f584b62baaed4c416e5d7898beeaaf9351c114193a3c6171713f4934bf770c,b582dc86842bdd5f323d7ca9557f79989e512dbb1b750ba9fa8b376007f5c60f,17050167
eval_50090_high,eval_50090_high,high,train,hist32,0.65,0.0,0.5,0.0,0.06605962062435757,blue,red,0.06554163836606282,0.04384812553149915,0.021693512834563666,True,True,source:eval_50090_high_aligned.mp4,source:eval_50090_high_conflict.mp4,bf128aee10fc442a0f82db7542d2447a0e74ee8afe12fe9c49380e00dccd46fd,db2481d279d4bc7f769c0675afd3b6cce7d6fad3c11a43df637858b7de6b515c,17050090
eval_50241_high,eval_50241_high,high,heldout,hist32,0.65,0.0,0.5,0.0,0.06633662740069313,blue,red,0.06676789510488826,0.04431635237161109,0.022451542733277166,True,True,source:eval_50241_high_aligned.mp4,source:eval_50241_high_conflict.mp4,ec0b533f0b63bf91ad6c8c069e2a7adbe28b15ef4cec0a15307d6c848dbd80b2,e14667334941e3001f2e76047026586b1a222b6503863d1a778f5ccee870f895,17050241
eval_50109_high,eval_50109_high,high,train,hist32,0.65,0.0,0.5,0.0,0.06580264701000049,blue,red,0.06498294558342321,0.043814237386552546,0.021168708196870667,True,True,source:eval_50109_high_aligned.mp4,source:eval_50109_high_conflict.mp4,a5741b6124a480ff3bfe01f81f4a5601829fabfd413c21f444e139d03b910168,c6fd1558eee328f856b956a5c33849a3c2ec3bc63f350315671a908389267a15,17050109
eval_50261_high,eval_50261_high,high,heldout,hist32,0.65,0.0,0.5,0.0,0.06645886878199246,blue,red,0.06520221574624219,0.04466946726420603,0.020532748482036157,True,True,source:eval_50261_high_aligned.mp4,source:eval_50261_high_conflict.mp4,1387336c60bc9ad977a418f3e5e9d61a63e3e598ff434e7dde8c630dd4e95ba9,508c4306531fb42525c5c4c154939ef5c793c001bc07353e71f4075fff48ae92,17050261
eval_50195_high,eval_50195_high,high,heldout,hist32,0.65,0.0,0.5,0.0,0.06620475074383063,blue,red,0.0662713550123928,0.04442839757113038,0.02184295744126242,True,True,source:eval_50195_high_aligned.mp4,source:eval_50195_high_conflict.mp4,bc876fb417bdcb4af3c77cdd26b7eb03176cdb6cba915d6e38bbe289d2b4cfb3,f5d1ca2176682a9916b08ccd98d94928b2b662f6d34473bb372e41fbee88220a,17050195
eval_50124_high,eval_50124_high,high,train,hist32,0.65,0.0,0.5,0.0,0.06621672712945674,blue,red,0.06589035277939922,0.0445274586570919,0.021362894122307324,True,True,source:eval_50124_high_aligned.mp4,source:eval_50124_high_conflict.mp4,f031e366fcbb3e20673526a5829ca745c8c020555d26ed81e0f8e5dda0ffd96b,a5626e58ab969b8b98213636c08e81754a67e483c4612f687a364ec05869638e,17050124
eval_50230_high,eval_50230_high,high,heldout,hist32,0.65,0.0,0.5,0.0,0.06619606505783483,blue,red,0.0651828046177614,0.0445344262335282,0.020648378384233196,True,True,source:eval_50230_high_aligned.mp4,source:eval_50230_high_conflict.mp4,fa163f75ba459caf432481c46d55ef9007f9321d5518f0a054ed12af447e7e24,3ac41242c5041ed838e73efe50ecc4856e19bf5058d88f8b4d10c2b3b2b7d720,17050230
eval_50119_high,eval_50119_high,high,train,hist32,0.65,0.0,0.5,0.0,0.0653270328895529,blue,red,0.06461501012013023,0.04368172653812717,0.020933283582003054,True,True,source:eval_50119_high_aligned.mp4,source:eval_50119_high_conflict.mp4,92b229a9e1f8a4ced3b19934a8e256ea16f2b7fbc082577270baf23dfb57dc18,3177561c571ec100dd659be8929aa4164030d8b49699041ebbbd74c76e60ee6b,17050119
eval_50015_high,eval_50015_high,high,train,hist32,0.65,0.0,0.5,0.0,0.06669411667584542,blue,red,0.06648457895058407,0.0450669857995652,0.02141759315101887,True,True,source:eval_50015_high_aligned.mp4,source:eval_50015_high_conflict.mp4,597aab801570832e251aad3ce72463c911b83cc0ad21ff5ad9b600e06578e3a1,fa677aaf0bac6b2d7b47453c975a3f1909a6991fc69697f9c12448acb5b41f8b,17050015
eval_50276_high,eval_50276_high,high,heldout,hist32,0.65,0.0,0.5,0.0,0.06560982400699188,blue,red,0.06584968180532542,0.04405186347690187,0.021797818328423556,True,True,source:eval_50276_high_aligned.mp4,source:eval_50276_high_conflict.mp4,4c251092b130656a10d2f238b55a5bfea9ab2c0e88a37eac463050bcf1be9abe,895bd63f004c9b36eacdc8782e062d416609f7a2bb59725182522ed3f98e39d0,17050276
eval_50016_high,eval_50016_high,high,heldout,hist32,0.65,0.0,0.5,0.0,0.06640241906099656,blue,red,0.06579045670406226,0.04484699642376828,0.020943460280293986,True,True,source:eval_50016_high_aligned.mp4,source:eval_50016_high_conflict.mp4,14b2538a2c3ff187cdc6cf10c0d235ce52c693acf1eae7a5203ed64f92c865f8,86c4f869d45124fe009fc93e646e1486121fdea981ac0983f43af89eeb5591f1,17050016
eval_50188_high,eval_50188_high,high,train,hist32,0.65,0.0,0.5,0.0,0.06552714237257962,blue,red,0.06603820940114745,0.044015600467994014,0.022022608933153436,True,True,source:eval_50188_high_aligned.mp4,source:eval_50188_high_conflict.mp4,3efdc6f76bc15df56dec90a641750213167d422a9b1bd2a14a2446d41e01cfca,12548855e7ef75299acdaa9421d969d449e06b7f1e9f4f153a9f00cf7e3ec294,17050188
eval_50174_high,eval_50174_high,high,train,hist32,0.65,0.0,0.5,0.0,0.06613834481520009,blue,red,0.06584491433247806,0.04466151116231393,0.021183403170164136,True,True,source:eval_50174_high_aligned.mp4,source:eval_50174_high_conflict.mp4,7e9674b8247e7ea9e9801a10c916f7665dc935a8369e4bdf24f053c7ae121874,0ef1860f76648eea3ed172dce9c3859178aa9ee40bef57543249c7354382573e,17050174
eval_50097_high,eval_50097_high,high,heldout,hist32,0.65,0.0,0.5,0.0,0.06695300996135099,blue,red,0.06591974524422596,0.045494863408235754,0.020424881835990207,True,True,source:eval_50097_high_aligned.mp4,source:eval_50097_high_conflict.mp4,2042c9d98eb591f65bd33323fe65a8895004ff16e0d592f797c36d77cfc3c618,b0561268a93f786ec55876c9866c6d17c07ee96a94d96fefc4836693efbea7eb,17050097
eval_50314_high,eval_50314_high,high,train,hist32,0.65,0.0,0.5,0.0,0.06665965524373195,blue,red,0.06579457296586205,0.04528596874768661,0.020508604218175443,True,True,source:eval_50314_high_aligned.mp4,source:eval_50314_high_conflict.mp4,e3baa614db5224fd8345b4d02f743c973d9557356deb75b2cc26334f7d279ee7,8ac422483b150153cccd89cc18a77c43cddc67b2d05674e18aedebd37689b4d0,17050314
eval_50186_high,eval_50186_high,high,train,hist32,0.65,0.0,0.5,0.0,0.06658986643593846,blue,red,0.0658446948553494,0.04525632433355337,0.020588370521796025,True,True,source:eval_50186_high_aligned.mp4,source:eval_50186_high_conflict.mp4,fb8b82b17b1dc4d4afebb1f46a3756ab09dde4b1ae9725138a68ed254cffa9d6,580ef95f5ccc52cb80a92843d526396b9832ee1c43fab6ab0cf855b40e102642,17050186
eval_50001_high,eval_50001_high,high,train,hist32,0.65,0.0,0.5,0.0,0.0647655897226971,blue,red,0.06423034044593043,0.04343978090784923,0.020790559538081198,True,True,source:eval_50001_high_aligned.mp4,source:eval_50001_high_conflict.mp4,e3414ea90b23bd0ebe0d2feacc641576c87f1a85c0795c5463370f2927b9d6a9,32a98e7f4cb2df3ce2d89ccd87537dcee044fab193885d9157a18f17a1076621,17050001
eval_50101_high,eval_50101_high,high,heldout,hist32,0.65,0.0,0.5,0.0,0.06469713758472403,blue,red,0.06491845438529864,0.043423260898606444,0.021495193486692196,True,True,source:eval_50101_high_aligned.mp4,source:eval_50101_high_conflict.mp4,e9daef91cb23a8ef56e0bb2b255e61fa7be8df924c1d31a2f97eb6a76f126752,88b208d20f46b2cf46a22e1613499f3ef2e6aa1d158479db9e896e328ade316c,17050101
eval_50196_high,eval_50196_high,high,train,hist32,0.65,0.0,0.5,0.0,0.06643167910250003,blue,red,0.06557097642182157,0.04516263381083588,0.02040834261098569,True,True,source:eval_50196_high_aligned.mp4,source:eval_50196_high_conflict.mp4,27adc886547a2eafe9b1d715da10c7190969268fbd01093cbe486d4007fe25db,774c847e8c1e61bf16ef97134f553e96c66e32b8e6d41bff602255bb64b1e3a6,17050196
eval_50307_high,eval_50307_high,high,train,hist32,0.65,0.0,0.5,0.0,0.0656527847139986,blue,red,0.06550346963325741,0.044463731923715985,0.02103973770954143,True,True,source:eval_50307_high_aligned.mp4,source:eval_50307_high_conflict.mp4,6b8e112c118fe773199f4133a4191c94daa5e74cee33fd0a70bab0612a00c889,73a6232fee322852bffa7d598fc399c263462d8115c4cf05681c56cbc85660e8,17050307
eval_50115_high,eval_50115_high,high,heldout,hist32,0.65,0.0,0.5,0.0,0.06521975927623197,blue,red,0.06408591633102229,0.044031976809948845,0.02005393952107344,True,True,source:eval_50115_high_aligned.mp4,source:eval_50115_high_conflict.mp4,0d9dc8cb20def6658a756111e079a7bec0b7bdcc944836987606846de338a572,9eaaafbdaf4c6b1b62b584e466ac9f73f837f309c2fdfd9d6715a86d68fb6ea8,17050115
eval_50280_high,eval_50280_high,high,train,hist32,0.65,0.0,0.5,0.0,0.0660343314613897,blue,red,0.06493122080365771,0.04484817524526859,0.02008304555838912,True,True,source:eval_50280_high_aligned.mp4,source:eval_50280_high_conflict.mp4,389c3dac6a862a743ce89b955122daadf993f1645cc1b474644bf562fc86b121,d7f8281c9af632f4c08aab01650a365da556bd1a905bc0cb4333f15c1008bc0d,17050280
eval_50229_high,eval_50229_high,high,train,hist32,0.65,0.0,0.5,0.0,0.06674962811774324,blue,red,0.06605441910966957,0.04563564375197942,0.02041877535769015,True,True,source:eval_50229_high_aligned.mp4,source:eval_50229_high_conflict.mp4,6f61a2d806dee24de6c884c3a660028f6fb05da735d6b8e6041df004a68f0860,572227f71c3c9b460c4bad2bf9fe056fc72e3f068a48501d9ec36cb6f1ad4521,17050229
eval_50076_high,eval_50076_high,high,heldout,hist32,0.65,0.0,0.5,0.0,0.06567481243204965,blue,red,0.06429090713689196,0.044587682366255356,0.01970322477063661,True,True,source:eval_50076_high_aligned.mp4,source:eval_50076_high_conflict.mp4,e26841f38297f83ed95161e9ff39fbb011549f8612fc3b1e4979357517091792,0b459c774a089e1eb58c4186d11474722d2cd7785361fbeee1846bf16753c077,17050076
eval_50169_high,eval_50169_high,high,heldout,hist32,0.65,0.0,0.5,0.0,0.06461911179078858,blue,red,0.06420748266933733,0.04354035044134497,0.02066713222799236,True,True,source:eval_50169_high_aligned.mp4,source:eval_50169_high_conflict.mp4,1689d7c0fd469ae0a79814bef998cd5572d0ac86afc4bec86ac60f3f85a0b735,d3ac6c6942e2c90d582b79c4cb0030c35ed765ddc331fb2e3fc4a329a3f0213f,17050169
eval_50244_high,eval_50244_high,high,train,hist32,0.65,0.0,0.5,0.0,0.06457142905837937,blue,red,0.06472904718348733,0.043515564406486414,0.02121348277700092,True,True,source:eval_50244_high_aligned.mp4,source:eval_50244_high_conflict.mp4,86a2e1231a9aee0f6d38602cb9c9dbef49461739c85c411277b66d1d20b0cb43,26a479b7380d1b187e195bf68e3dedccf6cf9ac5d7005a0117f9fa6efb074c21,17050244
eval_50055_high,eval_50055_high,high,heldout,hist32,0.65,0.0,0.5,0.0,0.06639095284066318,blue,red,0.0663863306202967,0.04536040236764643,0.021025928252650268,True,True,source:eval_50055_high_aligned.mp4,source:eval_50055_high_conflict.mp4,7fc84d239d1a48d867c0bb721c958897b4725d8f071a0c9eb79549e83478feef,d78f45c25940d11ad66b1763a5522c956541f9fd96fb9b3fd2106a3ce902ed67,17050055
eval_50282_high,eval_50282_high,high,heldout,hist32,0.65,0.0,0.5,0.0,0.06640661819273552,blue,red,0.0657871150269394,0.04546000765234416,0.02032710737459524,True,True,source:eval_50282_high_aligned.mp4,source:eval_50282_high_conflict.mp4,f90e03f4c29093f7eaffcee79ec3ce2c78bafec42569fc5c9e18e8a96a7a7580,523b6a4c3d3dd0f46f3aa9e26b85dea654bb6919776a550aabb8756d34f48b19,17050282
eval_50006_high,eval_50006_high,high,train,hist32,0.65,0.0,0.5,0.0,0.0668358973637735,blue,red,0.06706056202760094,0.045893383508780514,0.021167178518820426,True,True,source:eval_50006_high_aligned.mp4,source:eval_50006_high_conflict.mp4,043b42c3f3c3b8e41e927fc922910ada16a854ba69635edebeb0824b4c86726c,543adb1f8fc18b1522ffab73283f49372c11889e36f77f2506cd6524f7cbe46c,17050006
eval_50149_high,eval_50149_high,high,train,hist32,0.65,0.0,0.5,0.0,0.06568377280679624,blue,red,0.06569676175037098,0.0448454398202297,0.020851321930141282,True,True,source:eval_50149_high_aligned.mp4,source:eval_50149_high_conflict.mp4,b6487b90fa0c6b8fb918f3c256842bd914680a062b457ad0e3f4576934783443,67633f0df49a6bf73a5878cc1c96c56d0d117c36057125a1e5b5719bf9fef3ed,17050149
eval_50202_high,eval_50202_high,high,train,hist32,0.65,0.0,0.5,0.0,0.06630311870730962,blue,red,0.06596711549946972,0.04549770426068501,0.020469411238784714,True,True,source:eval_50202_high_aligned.mp4,source:eval_50202_high_conflict.mp4,01195ef680f7fbb216d164594cf07b7451beeb4eff86c5a784118e778c90484f,b1909660ef573b96eb427b60ddc5c27e9ceab7e5d7bfcffc9f222ec0fbb513f8,17050202
eval_50014_high,eval_50014_high,high,heldout,hist32,0.65,0.0,0.5,0.0,0.06461412859500178,blue,red,0.0649111250286957,0.04385402825832608,0.02105709677036962,True,True,source:eval_50014_high_aligned.mp4,source:eval_50014_high_conflict.mp4,6dcfe28a2867466dc0485cbefd5cfd75b9a03f77cfb23cafe54651191073a52b,309b7b1f032dddc51e7616939a341c6ce259b3ff90edb469524152fb14525f91,17050014
eval_50120_high,eval_50120_high,high,heldout,hist32,0.65,0.0,0.5,0.0,0.06538017222884851,blue,red,0.06549110474644389,0.044658069523992,0.02083303522245189,True,True,source:eval_50120_high_aligned.mp4,source:eval_50120_high_conflict.mp4,c6495549f32f69b2941f21e40252bbf8a171d445ca7b412fed6d2c5081cb112d,a2f4754692ed8dc5304a63e0232a55e36e684b5b7ace52e065f7c4569f897a7c,17050120
eval_50073_high,eval_50073_high,high,heldout,hist32,0.65,0.0,0.5,0.0,0.06509883693868776,blue,red,0.0652522673377784,0.04442093303796729,0.020831334299811113,True,True,source:eval_50073_high_aligned.mp4,source:eval_50073_high_conflict.mp4,d5e899c98ab32bede03ce44726912101b34c09c351cd578f23c36927dc62ad8f,51621bd3deda64b50a87fcef035d53d5d9863018db839bc6141818c9c3b1668f,17050073
eval_50003_high,eval_50003_high,high,heldout,hist32,0.65,0.0,0.5,0.0,0.06533233898124247,blue,red,0.06421369918563438,0.04472196141257921,0.01949173777305517,True,True,source:eval_50003_high_aligned.mp4,source:eval_50003_high_conflict.mp4,a192ec7473089c1fd620d3063c5a61ff58c3aa1d467b4333fbe4d8a750857bc7,e82e75eb816eab4839edffaf22ccb83010fdb29ea10aaf5d9791333ff2e762a3,17050003
eval_50264_high,eval_50264_high,high,train,hist32,0.65,0.0,0.5,0.0,0.06545430639035156,blue,red,0.0650555903287885,0.04486466774250909,0.020190922586279414,True,True,source:eval_50264_high_aligned.mp4,source:eval_50264_high_conflict.mp4,aac2933c333d7fe0937e03d38c5a80cfbceca8cfd3dc7ab6029bb5ad49a0f01a,03f4d561dd7b417756fd818657fa39741f8bcec460df11af1c1a573977778063,17050264
eval_50163_high,eval_50163_high,high,heldout,hist32,0.65,0.0,0.5,0.0,0.06480414029130344,blue,red,0.06493265781975895,0.044222422565086086,0.02071023525467286,True,True,source:eval_50163_high_aligned.mp4,source:eval_50163_high_conflict.mp4,3f95f1ca567a15023a24ca9f119e235708b5346dfc83871144bcf47d4f656228,ebd2368d018507a5756588feae0b3f24c7de8ae5893cc3f44ae8d0953d1654bb,17050163
eval_50187_high,eval_50187_high,high,heldout,hist32,0.65,0.0,0.5,0.0,0.06458603172283665,blue,red,0.06397846749776157,0.04405327682922396,0.019925190668537603,True,True,source:eval_50187_high_aligned.mp4,source:eval_50187_high_conflict.mp4,aac2a1bd6d70e49ac551695e9d406108965b3a03951817ffc48d223c9831523d,5859536cfbb833fbde493c5989156d97353ae1a7281ad0e79ddf9b7a82c7a3d9,17050187
eval_50035_high,eval_50035_high,high,train,hist32,0.65,0.0,0.5,0.0,0.06239539571464667,blue,red,0.06241942170244177,0.04199763407530599,0.020421787627135778,True,True,source:eval_50035_high_aligned.mp4,source:eval_50035_high_conflict.mp4,b29caaeb1d6f0ee8bd37d5d1efd1ddcf0871b8d13c88eccaf7826727d5664c8d,a751ed5bb30868b9306b7992170637a7b8f1f04d2b8f66d8144c864b5af5d261,17050035
eval_50143_high,eval_50143_high,high,heldout,hist32,0.65,0.0,0.5,0.0,0.06531368708892389,blue,red,0.06501050769424253,0.04495694817064788,0.020053559523594652,True,True,source:eval_50143_high_aligned.mp4,source:eval_50143_high_conflict.mp4,853a8e4ba02e11ffc365371a2145bf51db290f678ff4e7a06020551504444ad5,6eed12c5cbcef9b752a508039bb23134dd07fdff5473b6613d48c34b0604417d,17050143
eval_50038_high,eval_50038_high,high,heldout,hist32,0.65,0.0,0.5,0.0,0.06492680178141044,blue,red,0.06420013772039576,0.04459219497539726,0.019607942744998504,True,True,source:eval_50038_high_aligned.mp4,source:eval_50038_high_conflict.mp4,2147320f8d7873e91999e54e6d15fa1cd0c27984605fab246628eab2630da19a,df8eeaa99d2ac45a2cf64daced5c794bb95a56ae9ffda2f8b18048244aa2360f,17050038
eval_50075_high,eval_50075_high,high,train,hist32,0.65,0.0,0.5,0.0,0.06533152385043917,blue,red,0.06521394568828351,0.045029253521467354,0.020184692166816155,True,True,source:eval_50075_high_aligned.mp4,source:eval_50075_high_conflict.mp4,a3c29dbaddc2d19660fd0f6ad2ed81af48efb21ea9913432524c8c535a492451,66ca187f6b054103f479ce697b9decaa1e8f99c1021b93200eb6c2c502bb4c4c,17050075
eval_50301_high,eval_50301_high,high,heldout,hist32,0.65,0.0,0.5,0.0,0.06688255651277687,blue,red,0.06649891624135643,0.0465813219944638,0.019917594246892628,True,True,source:eval_50301_high_aligned.mp4,source:eval_50301_high_conflict.mp4,cd17dc60359f790a79cbd82c62352bbda5d470dd86a47a44c3434da9ca459f6f,0a56ae84058db7f3b3ebe2d084b128c4bb4692e688ccb7dbd27ca45619c46768,17050301
eval_50122_high,eval_50122_high,high,heldout,hist32,0.65,0.0,0.5,0.0,0.06572112249168846,blue,red,0.06603215462204166,0.04548321229484729,0.020548942327194376,True,True,source:eval_50122_high_aligned.mp4,source:eval_50122_high_conflict.mp4,616bea1be4c8195635241e62734f51d240bc1825c84c705925d31aa5fbdf8b29,6318468905a0b9d71d877d1c23fc030cbc785a05822b5ddfea416cd3edb5615e,17050122
eval_50208_high,eval_50208_high,high,train,hist32,0.65,0.0,0.5,0.0,0.06468593721147188,blue,red,0.06484330308619708,0.04445437531014433,0.02038892777605275,True,True,source:eval_50208_high_aligned.mp4,source:eval_50208_high_conflict.mp4,ea874da62af05243e135b6df7ab8b716a0acc7fa7367d7692f69d80586175462,0f44686289f26e6b9a87e914f61151b08cff4ea86f7b49c41c9e46d80349512a,17050208
eval_50121_high,eval_50121_high,high,train,hist32,0.65,0.0,0.5,0.0,0.06465023595618206,blue,red,0.064612771866213,0.04445332013113401,0.020159451735078993,True,True,source:eval_50121_high_aligned.mp4,source:eval_50121_high_conflict.mp4,3f26b36356dbdfe0b1bcf6beb1a22d3ee32ef536c135c2649ae4838aded9c3c7,0c02c273035fcbe98bbf2576e9749be218ce0434761b655d479b36f0275fca70,17050121
eval_50247_high,eval_50247_high,high,heldout,hist32,0.65,0.0,0.5,0.0,0.06410924285595125,blue,red,0.06380902055331113,0.04394591296189809,0.019863107591413035,True,True,source:eval_50247_high_aligned.mp4,source:eval_50247_high_conflict.mp4,4dc887e1a016d57a530e123c6b0a18df11c077e2ce513d38b48640b5fd5339f0,e72bdd5dbfc081e4813791d7745270c53325811aa3adc8b76a1121126b48999f,17050247
eval_50199_high,eval_50199_high,high,heldout,hist32,0.65,0.0,0.5,0.0,0.06359471908698018,blue,red,0.06326896529868191,0.043566481384938925,0.019702483913742984,True,True,source:eval_50199_high_aligned.mp4,source:eval_50199_high_conflict.mp4,f9aaecbfe90c42f829a572a59e7fdf997183e1add18fa76ef35116b351c11dbe,4b8819094ddf24a7ec0216382dac983bf9b87c3e313dbf7ca3597d3a20e038a5,17050199
eval_50216_high,eval_50216_high,high,heldout,hist32,0.65,0.0,0.5,0.0,0.06462940503869435,blue,red,0.06459998055601249,0.04470961453760514,0.019890366018407345,True,True,source:eval_50216_high_aligned.mp4,source:eval_50216_high_conflict.mp4,28ed5ea1a0937eeb978a7619d604848f94270e8792406cc9a2f9c25b88e101a5,1a7cba9ab13423e31fd6bae17d4dd1183c1d3fa7c3d648b60e337f11b8c03066,17050216
eval_50259_high,eval_50259_high,high,train,hist32,0.65,0.0,0.5,0.0,0.0633245446146883,blue,red,0.06281064407822835,0.04347663403824875,0.0193340100399796,True,True,source:eval_50259_high_aligned.mp4,source:eval_50259_high_conflict.mp4,accc555f1d9c41d6eaa80ddfb23b789cd17281db5dc704c2557d32afc3dd3fe2,237f87649d97633aae238d4cbcbe46555fcf533589ce31b4c9f1afd614a7b02c,17050259
eval_50106_high,eval_50106_high,high,heldout,hist32,0.65,0.0,0.5,0.0,0.06452919097333171,blue,red,0.06468748950413072,0.04471388171772714,0.019973607786403585,True,True,source:eval_50106_high_aligned.mp4,source:eval_50106_high_conflict.mp4,252c299bd5bdd20ae46a16cdb7d94d343516b80c502b2d683345a5117fd51bf5,a3a7c4aa32be76f55aed0a5c1f06febb2227e0e3a3b803cb4948c876697a3013,17050106
eval_50000_high,eval_50000_high,high,heldout,hist32,0.65,0.0,0.5,0.0,0.06511387887451758,blue,red,0.06537975040105169,0.04551214046886443,0.01986760993218726,True,True,source:eval_50000_high_aligned.mp4,source:eval_50000_high_conflict.mp4,74d3b08528d368523fced23987cd8bc8416d94fb4936954f6f21875043a25803,a219db0eb865ccf47d71edcb51928622236fa3a12877b65eb5b3f6b508231f56,17050000
eval_50093_high,eval_50093_high,high,train,hist32,0.65,0.0,0.5,0.0,0.06323874247208118,blue,red,0.06319719719025313,0.04372669097072398,0.01947050621952915,True,True,source:eval_50093_high_aligned.mp4,source:eval_50093_high_conflict.mp4,fe38231bbe1b541768ab8ae439dceb89cc51b2ada91e81b846a7d536efb52726,52a325adc7404321b8345bf238e4c2324d86292a2f7e6d7d39d7ca29dfc05f3e,17050093
eval_50092_high,eval_50092_high,high,heldout,hist32,0.65,0.0,0.5,0.0,0.06337247545209575,blue,red,0.06299375206378395,0.04388418563791719,0.01910956642586676,True,True,source:eval_50092_high_aligned.mp4,source:eval_50092_high_conflict.mp4,e000f62e88bb9825d645c7b73dbda1269a6d131736dff0c079abc0f31b765a2e,eba37968520a53b36bd2ca495075156e6d474576de2e62674540668ebd328af5,17050092
eval_50039_high,eval_50039_high,high,train,hist32,0.65,0.0,0.5,0.0,0.06307950006510864,blue,red,0.06327814204366201,0.04365775820790723,0.019620383835754783,True,True,source:eval_50039_high_aligned.mp4,source:eval_50039_high_conflict.mp4,302a0531f41b637fa105ed3ab477727c722c0dd1d806bd08a3c4f6ed7578f624,d1669a68f0d905411575f01d5022a33849fb8b5095154f57d30fb1008323441d,17050039
eval_50311_high,eval_50311_high,high,heldout,hist32,0.65,0.0,0.5,0.0,0.0634179998723445,blue,red,0.0633308975598246,0.04432851709989645,0.01900238045992815,True,True,source:eval_50311_high_aligned.mp4,source:eval_50311_high_conflict.mp4,02576aa4862a9d7b3d55af40f3d80bd1fcc05c002ac321b756a39df52b8b5df0,872ba220935eb9df96acc1a9381755bd674114ff4ae15b84fcc2bb453ba2f877,17050311
eval_50007_high,eval_50007_high,high,heldout,hist32,0.65,0.0,0.5,0.0,0.0611354978442743,blue,red,0.06107342772387357,0.04209568892337086,0.018977738800502714,True,True,source:eval_50007_high_aligned.mp4,source:eval_50007_high_conflict.mp4,f8e66932992949dee1e0fc1a3ea69f25ed637370ee4715826a4dac82fbbea3db,632eed0cb69eded38b660ce39a2960aef54c385e93c53c383f4e9877d94a1e1d,17050007
eval_50072_high,eval_50072_high,high,train,hist32,0.65,0.0,0.5,0.0,0.06192391276905204,blue,red,0.061672979432633945,0.0428853601537799,0.018787619278854042,True,True,source:eval_50072_high_aligned.mp4,source:eval_50072_high_conflict.mp4,9a3e982bbb5021bf5475e5338e89d3000832d5cdd29825c127f26ff1d66bef2f,2219a4d788b9071f7578c5bca1b32967ce78daf26e83257b63c16964ac090eb8,17050072
eval_50185_high,eval_50185_high,high,heldout,hist32,0.65,0.0,0.5,0.0,0.06144111729752216,blue,red,0.06080518889109834,0.0424325459093662,0.018372642981732135,True,True,source:eval_50185_high_aligned.mp4,source:eval_50185_high_conflict.mp4,d9125152f2eef06fdf3b5d7f2f329307ce9c4929386b5c7082319930d2a93465,8bce11686edce8ac04fe3c4239ee14ba0c0863cbb7cc171446965bcf8907c2e3,17050185
eval_50213_high,eval_50213_high,high,train,hist32,0.65,0.0,0.5,0.0,0.06064117267448391,blue,red,0.060884951831205646,0.041652574924228025,0.01923237690697762,True,True,source:eval_50213_high_aligned.mp4,source:eval_50213_high_conflict.mp4,aff22025d228fea79d9b1656c0f5299e0420f39af19a9b464babe4cd62ccd0d4,74d606cb5b1b117accdfcb50bc7992cd57ec415c4c17bd7326b9035ab3c18950,17050213
eval_50009_high,eval_50009_high,high,train,hist32,0.65,0.0,0.5,0.0,0.06292371888632753,blue,red,0.06314309382393411,0.0439453853998427,0.019197708424091416,True,True,source:eval_50009_high_aligned.mp4,source:eval_50009_high_conflict.mp4,e84c9a9faa23b6a7139508e1458cce9f8878486203bca57757c08f60f3008176,bfaa1c4cbf3c2aad698ec40b8c572649eb050e1d178845a6d0c979efa042c83b,17050009
eval_50287_high,eval_50287_high,high,train,hist32,0.65,0.0,0.5,0.0,0.06250857216562829,blue,red,0.06254686397105506,0.04355024699426705,0.018996616976788012,True,True,source:eval_50287_high_aligned.mp4,source:eval_50287_high_conflict.mp4,43cf8d08435bf80ba3f4b809ed01a539dbf35fbbd7c87447ba70e3e9ccd3e6a0,0df40b7888b08ed8c418bf3eb432309cd33b47c23fca33bb9234f1748dd3fb40,17050287
