seed,step,history,direction,site_after_block,strong_rewrite_rate,n_strict_pairs,last_after_block_rate_at_least_0.75,max_one_block_drop,max_drop_after_block
3407,50000,Short,fast-target,0,1.0,128,3,0.40625,8
3407,50000,Short,fast-target,1,1.0,128,3,0.40625,8
3407,50000,Short,fast-target,2,0.9921875,128,3,0.40625,8
3407,50000,Short,fast-target,3,0.9921875,128,3,0.40625,8
3407,50000,Short,fast-target,4,0.6171875,128,3,0.40625,8
3407,50000,Short,fast-target,5,0.6171875,128,3,0.40625,8
3407,50000,Short,fast-target,6,0.578125,128,3,0.40625,8
3407,50000,Short,fast-target,7,0.515625,128,3,0.40625,8
3407,50000,Short,fast-target,8,0.546875,128,3,0.40625,8
3407,50000,Short,fast-target,9,0.140625,128,3,0.40625,8
3407,50000,Short,fast-target,10,0.046875,128,3,0.40625,8
3407,50000,Short,fast-target,11,0.015625,128,3,0.40625,8
3407,50000,Short,fast-target,12,0.0078125,128,3,0.40625,8
3407,50000,Short,fast-target,13,0.0078125,128,3,0.40625,8
3407,50000,Short,fast-target,14,0.0078125,128,3,0.40625,8
3407,50000,Short,fast-target,15,0.0078125,128,3,0.40625,8
3407,50000,Short,fast-target,16,0.0078125,128,3,0.40625,8
3407,50000,Short,fast-target,17,0.0078125,128,3,0.40625,8
3407,50000,Short,fast-target,18,0.0078125,128,3,0.40625,8
3407,50000,Short,fast-target,19,0.0078125,128,3,0.40625,8
3407,50000,Short,fast-target,20,0.0,128,3,0.40625,8
3407,50000,Short,fast-target,21,0.0,128,3,0.40625,8
3407,50000,Short,fast-target,22,0.0,128,3,0.40625,8
3407,50000,Short,fast-target,23,0.0,128,3,0.40625,8
3407,50000,Short,fast-target,24,0.0,128,3,0.40625,8
3407,50000,Short,fast-target,25,0.0,128,3,0.40625,8
3407,50000,Short,fast-target,26,0.0,128,3,0.40625,8
3407,50000,Short,fast-target,27,0.0,128,3,0.40625,8
3407,50000,Short,fast-target,28,0.0,128,3,0.40625,8
3407,50000,Short,fast-target,29,0.0,128,3,0.40625,8
3407,50000,Long,fast-target,0,1.0,128,16,0.578125,16
3407,50000,Long,fast-target,1,1.0,128,16,0.578125,16
3407,50000,Long,fast-target,2,1.0,128,16,0.578125,16
3407,50000,Long,fast-target,3,1.0,128,16,0.578125,16
3407,50000,Long,fast-target,4,1.0,128,16,0.578125,16
3407,50000,Long,fast-target,5,1.0,128,16,0.578125,16
3407,50000,Long,fast-target,6,1.0,128,16,0.578125,16
3407,50000,Long,fast-target,7,1.0,128,16,0.578125,16
3407,50000,Long,fast-target,8,1.0,128,16,0.578125,16
3407,50000,Long,fast-target,9,1.0,128,16,0.578125,16
3407,50000,Long,fast-target,10,1.0,128,16,0.578125,16
3407,50000,Long,fast-target,11,1.0,128,16,0.578125,16
3407,50000,Long,fast-target,12,1.0,128,16,0.578125,16
3407,50000,Long,fast-target,13,1.0,128,16,0.578125,16
3407,50000,Long,fast-target,14,1.0,128,16,0.578125,16
3407,50000,Long,fast-target,15,0.9609375,128,16,0.578125,16
3407,50000,Long,fast-target,16,0.8515625,128,16,0.578125,16
3407,50000,Long,fast-target,17,0.2734375,128,16,0.578125,16
3407,50000,Long,fast-target,18,0.0625,128,16,0.578125,16
3407,50000,Long,fast-target,19,0.0546875,128,16,0.578125,16
3407,50000,Long,fast-target,20,0.0390625,128,16,0.578125,16
3407,50000,Long,fast-target,21,0.0078125,128,16,0.578125,16
3407,50000,Long,fast-target,22,0.0078125,128,16,0.578125,16
3407,50000,Long,fast-target,23,0.0078125,128,16,0.578125,16
3407,50000,Long,fast-target,24,0.0078125,128,16,0.578125,16
3407,50000,Long,fast-target,25,0.0078125,128,16,0.578125,16
3407,50000,Long,fast-target,26,0.0078125,128,16,0.578125,16
3407,50000,Long,fast-target,27,0.0078125,128,16,0.578125,16
3407,50000,Long,fast-target,28,0.0078125,128,16,0.578125,16
3407,50000,Long,fast-target,29,0.0,128,16,0.578125,16
3408,50000,Short,fast-target,0,1.0,128,6,0.7890625,6
3408,50000,Short,fast-target,1,1.0,128,6,0.7890625,6
3408,50000,Short,fast-target,2,1.0,128,6,0.7890625,6
3408,50000,Short,fast-target,3,0.984375,128,6,0.7890625,6
3408,50000,Short,fast-target,4,0.9140625,128,6,0.7890625,6
3408,50000,Short,fast-target,5,0.90625,128,6,0.7890625,6
3408,50000,Short,fast-target,6,0.859375,128,6,0.7890625,6
3408,50000,Short,fast-target,7,0.0703125,128,6,0.7890625,6
3408,50000,Short,fast-target,8,0.0625,128,6,0.7890625,6
3408,50000,Short,fast-target,9,0.0703125,128,6,0.7890625,6
3408,50000,Short,fast-target,10,0.0390625,128,6,0.7890625,6
3408,50000,Short,fast-target,11,0.0390625,128,6,0.7890625,6
3408,50000,Short,fast-target,12,0.03125,128,6,0.7890625,6
3408,50000,Short,fast-target,13,0.03125,128,6,0.7890625,6
3408,50000,Short,fast-target,14,0.015625,128,6,0.7890625,6
3408,50000,Short,fast-target,15,0.0078125,128,6,0.7890625,6
3408,50000,Short,fast-target,16,0.0078125,128,6,0.7890625,6
3408,50000,Short,fast-target,17,0.0,128,6,0.7890625,6
3408,50000,Short,fast-target,18,0.0,128,6,0.7890625,6
3408,50000,Short,fast-target,19,0.0,128,6,0.7890625,6
3408,50000,Short,fast-target,20,0.0,128,6,0.7890625,6
3408,50000,Short,fast-target,21,0.0,128,6,0.7890625,6
3408,50000,Short,fast-target,22,0.0,128,6,0.7890625,6
3408,50000,Short,fast-target,23,0.0,128,6,0.7890625,6
3408,50000,Short,fast-target,24,0.0,128,6,0.7890625,6
3408,50000,Short,fast-target,25,0.0,128,6,0.7890625,6
3408,50000,Short,fast-target,26,0.0,128,6,0.7890625,6
3408,50000,Short,fast-target,27,0.0,128,6,0.7890625,6
3408,50000,Short,fast-target,28,0.0,128,6,0.7890625,6
3408,50000,Short,fast-target,29,0.0,128,6,0.7890625,6
3408,50000,Long,fast-target,0,1.0,128,8,0.6875,8
3408,50000,Long,fast-target,1,1.0,128,8,0.6875,8
3408,50000,Long,fast-target,2,1.0,128,8,0.6875,8
3408,50000,Long,fast-target,3,1.0,128,8,0.6875,8
3408,50000,Long,fast-target,4,1.0,128,8,0.6875,8
3408,50000,Long,fast-target,5,1.0,128,8,0.6875,8
3408,50000,Long,fast-target,6,1.0,128,8,0.6875,8
3408,50000,Long,fast-target,7,1.0,128,8,0.6875,8
3408,50000,Long,fast-target,8,1.0,128,8,0.6875,8
3408,50000,Long,fast-target,9,0.3125,128,8,0.6875,8
3408,50000,Long,fast-target,10,0.2578125,128,8,0.6875,8
3408,50000,Long,fast-target,11,0.078125,128,8,0.6875,8
3408,50000,Long,fast-target,12,0.0859375,128,8,0.6875,8
3408,50000,Long,fast-target,13,0.078125,128,8,0.6875,8
3408,50000,Long,fast-target,14,0.0625,128,8,0.6875,8
3408,50000,Long,fast-target,15,0.0625,128,8,0.6875,8
3408,50000,Long,fast-target,16,0.0546875,128,8,0.6875,8
3408,50000,Long,fast-target,17,0.0234375,128,8,0.6875,8
3408,50000,Long,fast-target,18,0.015625,128,8,0.6875,8
3408,50000,Long,fast-target,19,0.0,128,8,0.6875,8
3408,50000,Long,fast-target,20,0.0,128,8,0.6875,8
3408,50000,Long,fast-target,21,0.0,128,8,0.6875,8
3408,50000,Long,fast-target,22,0.0,128,8,0.6875,8
3408,50000,Long,fast-target,23,0.0,128,8,0.6875,8
3408,50000,Long,fast-target,24,0.0,128,8,0.6875,8
3408,50000,Long,fast-target,25,0.0,128,8,0.6875,8
3408,50000,Long,fast-target,26,0.0,128,8,0.6875,8
3408,50000,Long,fast-target,27,0.0,128,8,0.6875,8
3408,50000,Long,fast-target,28,0.0,128,8,0.6875,8
3408,50000,Long,fast-target,29,0.0,128,8,0.6875,8
3409,50000,Short,fast-target,0,1.0,128,6,0.296875,8
3409,50000,Short,fast-target,1,1.0,128,6,0.296875,8
3409,50000,Short,fast-target,2,0.984375,128,6,0.296875,8
3409,50000,Short,fast-target,3,0.9453125,128,6,0.296875,8
3409,50000,Short,fast-target,4,0.765625,128,6,0.296875,8
3409,50000,Short,fast-target,5,0.7265625,128,6,0.296875,8
3409,50000,Short,fast-target,6,0.765625,128,6,0.296875,8
3409,50000,Short,fast-target,7,0.703125,128,6,0.296875,8
3409,50000,Short,fast-target,8,0.515625,128,6,0.296875,8
3409,50000,Short,fast-target,9,0.21875,128,6,0.296875,8
3409,50000,Short,fast-target,10,0.234375,128,6,0.296875,8
3409,50000,Short,fast-target,11,0.0,128,6,0.296875,8
3409,50000,Short,fast-target,12,0.0,128,6,0.296875,8
3409,50000,Short,fast-target,13,0.0,128,6,0.296875,8
3409,50000,Short,fast-target,14,0.0,128,6,0.296875,8
3409,50000,Short,fast-target,15,0.0,128,6,0.296875,8
3409,50000,Short,fast-target,16,0.0,128,6,0.296875,8
3409,50000,Short,fast-target,17,0.0,128,6,0.296875,8
3409,50000,Short,fast-target,18,0.0,128,6,0.296875,8
3409,50000,Short,fast-target,19,0.0,128,6,0.296875,8
3409,50000,Short,fast-target,20,0.0,128,6,0.296875,8
3409,50000,Short,fast-target,21,0.0,128,6,0.296875,8
3409,50000,Short,fast-target,22,0.0,128,6,0.296875,8
3409,50000,Short,fast-target,23,0.0,128,6,0.296875,8
3409,50000,Short,fast-target,24,0.0,128,6,0.296875,8
3409,50000,Short,fast-target,25,0.0,128,6,0.296875,8
3409,50000,Short,fast-target,26,0.0,128,6,0.296875,8
3409,50000,Short,fast-target,27,0.0,128,6,0.296875,8
3409,50000,Short,fast-target,28,0.0,128,6,0.296875,8
3409,50000,Short,fast-target,29,0.0,128,6,0.296875,8
3409,50000,Long,fast-target,0,1.0,128,10,0.8203125,10
3409,50000,Long,fast-target,1,1.0,128,10,0.8203125,10
3409,50000,Long,fast-target,2,1.0,128,10,0.8203125,10
3409,50000,Long,fast-target,3,1.0,128,10,0.8203125,10
3409,50000,Long,fast-target,4,1.0,128,10,0.8203125,10
3409,50000,Long,fast-target,5,1.0,128,10,0.8203125,10
3409,50000,Long,fast-target,6,1.0,128,10,0.8203125,10
3409,50000,Long,fast-target,7,1.0,128,10,0.8203125,10
3409,50000,Long,fast-target,8,1.0,128,10,0.8203125,10
3409,50000,Long,fast-target,9,0.9921875,128,10,0.8203125,10
3409,50000,Long,fast-target,10,0.984375,128,10,0.8203125,10
3409,50000,Long,fast-target,11,0.1640625,128,10,0.8203125,10
3409,50000,Long,fast-target,12,0.0859375,128,10,0.8203125,10
3409,50000,Long,fast-target,13,0.0859375,128,10,0.8203125,10
3409,50000,Long,fast-target,14,0.0625,128,10,0.8203125,10
3409,50000,Long,fast-target,15,0.0546875,128,10,0.8203125,10
3409,50000,Long,fast-target,16,0.0390625,128,10,0.8203125,10
3409,50000,Long,fast-target,17,0.0234375,128,10,0.8203125,10
3409,50000,Long,fast-target,18,0.0,128,10,0.8203125,10
3409,50000,Long,fast-target,19,0.0,128,10,0.8203125,10
3409,50000,Long,fast-target,20,0.0,128,10,0.8203125,10
3409,50000,Long,fast-target,21,0.0,128,10,0.8203125,10
3409,50000,Long,fast-target,22,0.0,128,10,0.8203125,10
3409,50000,Long,fast-target,23,0.0,128,10,0.8203125,10
3409,50000,Long,fast-target,24,0.0,128,10,0.8203125,10
3409,50000,Long,fast-target,25,0.0,128,10,0.8203125,10
3409,50000,Long,fast-target,26,0.0,128,10,0.8203125,10
3409,50000,Long,fast-target,27,0.0,128,10,0.8203125,10
3409,50000,Long,fast-target,28,0.0,128,10,0.8203125,10
3409,50000,Long,fast-target,29,0.0,128,10,0.8203125,10
