seed,layer,relative_layer,N,global_projection,global_projection_ci_low,global_projection_ci_high,global_semantic_cosine,global_semantic_cosine_ci_low,global_semantic_cosine_ci_high,global_norm_ratio,global_norm_ratio_ci_low,global_norm_ratio_ci_high,global_orthogonal_ratio,global_orthogonal_ratio_ci_low,global_orthogonal_ratio_ci_high
3407,4,0,8,0.7232146592225985,0.6534949899186642,0.7884127064920768,0.8360537849830876,0.7890601524957597,0.8846081685393451,0.8617093645056728,0.8209532259590169,0.899333254027844,0.453872382443006,0.390862901074722,0.5072345161648213
3407,5,1,8,0.7100652258916413,0.6377507124125317,0.7777265341448021,0.8301326708894052,0.7804614070071163,0.8818475423247578,0.8517079113881166,0.8087502489430196,0.8905689437592444,0.45550502401424103,0.3930967859041234,0.508243641409404
3407,6,2,8,0.6843418854663481,0.6108438610547695,0.7536248416961969,0.8117538484228786,0.7577601881435928,0.8675096542627091,0.8389451667133091,0.7947495389487333,0.8787702389367115,0.47062384373440985,0.4088639217806344,0.5226388348640896
3407,7,3,8,0.6864736516456194,0.6146349936148834,0.7526476613980423,0.8168991327744402,0.7660355790284913,0.8676728246684566,0.8366426270635705,0.7928535661573672,0.8742408471965247,0.46482791192709627,0.40675818649672574,0.5148757188917232
3407,8,4,8,0.6825879466683773,0.6059896500903014,0.752813140197874,0.8175883725694477,0.7615888531050258,0.8722599469393447,0.8306264867085911,0.7822734609553277,0.8721693960804264,0.45783317037967475,0.3991098265765082,0.5128270206572786
3407,9,5,8,0.5956590385661662,0.4952680668606513,0.68053615169303,0.7762387498201067,0.7014213270558809,0.8462763292775619,0.7592599493480502,0.6939252455559716,0.8193111538536128,0.4532477068496251,0.39361831552318866,0.5089056202392135
3407,10,6,8,0.578057952955291,0.48135119331040166,0.6612572427151655,0.7751430273575299,0.7020642148717449,0.8456004274292835,0.7378062986929836,0.668437412713849,0.7991060102564589,0.4419977969707246,0.3841340246899418,0.4960718408688611
3407,11,7,8,0.5346027893658518,0.4286561503871501,0.6286483211898338,0.7504748540462282,0.6691507365070475,0.8306601709003899,0.7009736364989301,0.6217469128123176,0.7716688187110543,0.4362814429329419,0.3779960629359043,0.4889404175612346
3407,12,8,8,0.47202717288526824,0.35796300336736614,0.5786770350680748,0.6838056492355019,0.5810065574851795,0.783954898271935,0.6708048965716039,0.584597259725474,0.7486662052876742,0.4571997932131054,0.3982963779635896,0.5111270749519391
3407,13,9,8,0.4735755203757142,0.35763254890515206,0.5772166479654942,0.6945226820528692,0.5994030644875687,0.7868041707554596,0.6649426858199532,0.5654402100158717,0.7496243956145199,0.4507273552637937,0.3883193159109749,0.5073276093773094
3407,14,10,8,0.4651582822510169,0.3505105400853027,0.5694604114227696,0.6792249332930382,0.5812200586714309,0.7753841865025585,0.6656756846794006,0.5698217048016438,0.7502873867940612,0.45936595045411527,0.3995806206651566,0.5157505553119168
3407,15,11,8,0.4617459382265853,0.3557469410689282,0.5573998377402107,0.6591575274653181,0.5658685338558028,0.7497076991620206,0.6841431294606443,0.5938204649138702,0.7594629436296244,0.49051887807210665,0.4289735924151955,0.5480909988728987
3407,16,12,8,0.46052749706543933,0.3551112764900612,0.5563329608251855,0.6539900707849127,0.5614470692835937,0.7466623457801369,0.6875145281409191,0.6000896251481573,0.761365449840015,0.4964034760954068,0.43614826915666155,0.5516418763912557
3407,17,13,8,0.46147428411113056,0.3547865471378731,0.5551344274470199,0.6567726889570217,0.5654711313783477,0.7466717449481015,0.6864918674455105,0.5965507582124882,0.7596168688214089,0.4944669484228631,0.43445975414371074,0.5510191166130618
3407,18,14,8,0.45950464510528843,0.3550615305862975,0.5556917893395744,0.6512245682483133,0.5586683517612184,0.7444976746476508,0.6886561284751016,0.6002132278012924,0.7627550484404342,0.49913992348561287,0.44041209236232814,0.5536131084032425
3407,19,15,8,0.4576159765986839,0.35220836075184736,0.5517052827137356,0.6474809545300783,0.5529724153406519,0.7377988482055307,0.6900262329621663,0.6013370287997903,0.7621378295423543,0.502822207509095,0.4444568416447239,0.5574804415099064
3407,20,16,8,0.4463913022789766,0.33784251942344085,0.5411572870701904,0.6388004317755056,0.5404837835493311,0.7322408881720727,0.6794253129274114,0.5880583685050771,0.7570880974447894,0.49869255124788114,0.440933734915424,0.5542400822955225
3407,21,17,8,0.44664371144596765,0.3371521729574336,0.5421139091193915,0.6357955492363746,0.5376571523890288,0.7296258794971825,0.6831732847440122,0.5918706234617509,0.7601586591292426,0.5035768570362047,0.44552440569103086,0.55828362118694
3407,22,18,8,0.4475656178803349,0.3412104599579962,0.5422890059043405,0.6361470341989491,0.5398520866501797,0.7274491289252845,0.6854743390376117,0.5966126177583163,0.7597323318613081,0.5064046143722486,0.45072317182223876,0.5593135577568016
3407,23,19,8,0.44776492373409865,0.34676646850026377,0.5395183121771876,0.6344988548286981,0.5416890081302431,0.72390691613785,0.6884591600781553,0.6018288480340537,0.760658190820538,0.5106259760064266,0.4549818422457356,0.5622688408832057
3407,24,20,8,0.44310297012107014,0.34251147705202906,0.5346644094440202,0.6271780673773167,0.5354438418123283,0.717480376674847,0.6889491472701827,0.6035930149639953,0.7618323738317335,0.515190049501911,0.45840109796372486,0.5684169813341095
3407,25,21,8,0.442304388053696,0.3374844679597003,0.5347994042010256,0.6252921857097827,0.5285947143468571,0.7169149251892459,0.6890675136694157,0.6005319801057809,0.7627328364638437,0.51573596344479,0.4586444989499343,0.5696251327509344
3407,26,22,8,0.44368140302937975,0.3414627833023536,0.5356227158383603,0.6258371048821932,0.5317462228940483,0.7159785292166808,0.6910174067792938,0.6043802851183971,0.7636508633078338,0.517395880429494,0.4599369753566646,0.5694282508643793
3407,27,23,8,0.4437887908261178,0.3384916700540277,0.5370182807587253,0.6242863717325899,0.527500193244002,0.715586940283875,0.6921150921323223,0.6041188231573336,0.7670791258198524,0.5186840762574281,0.4611608335476345,0.5704274812749431
3407,28,24,8,0.44361044620484025,0.3401387205594665,0.5357183458131847,0.6233750675606409,0.5272717835568359,0.7151638317545617,0.6928361580426539,0.6063213653065903,0.7673781235404525,0.5198757664757523,0.464832491676522,0.5715102952079025
3407,29,25,8,0.44511521035714496,0.3384131888049735,0.5388421696364896,0.6251911200342671,0.5276569612175069,0.7166795587429765,0.6929146091579755,0.6040292348999476,0.7682341380504352,0.5186899707268912,0.4618507959987915,0.5695511880302666
3408,7,0,8,0.799444243632502,0.7464382238874558,0.8476465807188208,0.9049081808136058,0.8699902820407462,0.9336099356277436,0.8817985656716507,0.8532624364947304,0.9114922843752804,0.3604514159042893,0.3117550791679776,0.4091170502132909
3408,8,1,8,0.791832674747183,0.739952371297449,0.8419268827057884,0.9063424662712503,0.873827544732888,0.9350049544521801,0.8718984883567954,0.8418987101779853,0.903008642647424,0.3534914952338085,0.3048092137738013,0.3998684664035015
3408,9,2,8,0.7746049377179581,0.7124776440587124,0.8293231282395503,0.9090673266597511,0.8712316345426476,0.9405132615053259,0.8496645381480117,0.8123172278470869,0.8849195935203386,0.3345642919989086,0.28284742814666314,0.38484394084939194
3408,10,3,8,0.759736705143755,0.6935711070673196,0.8206093965760058,0.903811033036633,0.8636419509692899,0.9390232537781426,0.837627186675016,0.7976909105292351,0.8774464628923497,0.33735715315519765,0.2845594062694162,0.3875017339491267
3408,11,4,8,0.754156276211874,0.6896847307751642,0.8100323824764073,0.9094207769113418,0.8718660449292499,0.9413293100756879,0.8266170010586472,0.7860665187278885,0.8633588029362391,0.3242617264837865,0.27520616959107863,0.371973908724108
3408,12,5,8,0.7374645638772106,0.6617407904411796,0.8025679726667252,0.8974147298440778,0.8512578884907628,0.9378440443219842,0.8179467984310183,0.770806645116212,0.8599926926959567,0.3355582333950029,0.2816184717459493,0.3896120683190516
3408,13,6,8,0.7295824586058028,0.6561955163220105,0.7950241721357885,0.895963804840299,0.8510487779480419,0.9361616576717062,0.8105562534663551,0.7645434754241253,0.8534733889234059,0.3360330834232655,0.28370129678667355,0.3879331029571188
3408,14,7,8,0.6592356237624803,0.5690738974020761,0.7440340431676472,0.868672279276442,0.8164711288648611,0.9151732703789961,0.7526820225722957,0.6861285121677339,0.8185384993956929,0.3475919239025749,0.3028605392112549,0.3915173215066666
3408,15,8,8,0.6621802715014016,0.56447311602646,0.7525984521027288,0.8731725153352515,0.8182059165287502,0.9218867544646588,0.751089657551871,0.675406653737668,0.8234136952818718,0.3362037383190879,0.28883535797016635,0.38421678931177616
3408,16,9,8,0.6574648427921159,0.5529902827818519,0.7528000470400151,0.8687091585533355,0.80709278542033,0.9230570154619526,0.7484740253947351,0.6710166781409738,0.82202867585146,0.33701772321550416,0.288313148543678,0.38698473322547244
3408,17,10,8,0.6401518009941984,0.5359205741522673,0.7375250033739617,0.8556777167568395,0.7944859313850103,0.9112267046451679,0.7390932343004444,0.6598079109049881,0.8136085633504386,0.35097704769159094,0.3079633147544766,0.3970772662182525
3408,18,11,8,0.6334058168345252,0.5220513222418235,0.7376705539254214,0.8561374227371192,0.789707172629162,0.9138915566620794,0.7297733201634211,0.6433361399146251,0.810149436758204,0.34238966729747367,0.2992448403918522,0.38962753348180545
3408,19,12,8,0.6270627606697546,0.5170224370005717,0.7292016172305791,0.8453840576197363,0.774154946593314,0.9065349029743339,0.7311298150610919,0.6498538358022425,0.8070164325487088,0.3553236379325938,0.3102307240624891,0.4019640447847634
3408,20,13,8,0.6183430461353707,0.5059598480462512,0.7225229377080747,0.8292764642132998,0.7574824363408956,0.8932227232298929,0.7344553496001565,0.6499850733748691,0.8117821795280111,0.3763638203127644,0.3306988459504283,0.4246494760568742
3408,21,14,8,0.6191758590816085,0.5064580139674218,0.723007729285631,0.8271364372319956,0.7558526047050006,0.89138603921151,0.7371492881875892,0.6537578620847686,0.8138374065282191,0.3796558456775042,0.3332328330647379,0.429303237148859
3408,22,15,8,0.6161011271267994,0.5042070900743714,0.7196427572120241,0.8197352220061869,0.7474053603771591,0.8853464163340694,0.7400106163573215,0.6570268956954537,0.8158865063919263,0.3900985225886652,0.34423106540956055,0.4373985817066716
3408,23,16,8,0.6052349503394427,0.48204642241713247,0.7178106155085159,0.8036449914992884,0.7166704651104463,0.881898451233573,0.7381888754970702,0.64912195800109,0.8177042060917048,0.3977888966847397,0.3462171976305532,0.45368078420920804
3408,24,17,8,0.5975197631762287,0.47665767278888366,0.7104420041781245,0.7936767863790128,0.7080602100941961,0.8726274988089129,0.7380486551480533,0.6482752006888657,0.8175908501296889,0.41051745517236954,0.36162571175703007,0.4632141245541147
3408,25,18,8,0.5966752173505755,0.4740064747718241,0.7074009752154851,0.7899129752134553,0.7028766604285276,0.8671441967591482,0.7402272510432075,0.6490268707499383,0.8183152886084624,0.41558441179356165,0.36791934095070816,0.46744956287508527
3408,26,19,8,0.5975798766953255,0.4782658677015381,0.7079480749018703,0.788305524544935,0.7024365742354335,0.8661487911817458,0.7429309553445844,0.6566557994376765,0.8203416990073115,0.4190981524144851,0.3713897629043454,0.470541344041751
3408,27,20,8,0.5992568111174786,0.48023333803697527,0.710948459039979,0.7897218069140787,0.7060716952287571,0.8674429744724429,0.7436416023328347,0.6576707516173379,0.8212063605449446,0.4183036987799119,0.371269136185891,0.4687647438295577
3408,28,21,8,0.5982006319654662,0.4757315943201529,0.7111698441073153,0.7878995963671781,0.7022280765561746,0.8659706463521499,0.7438990431913747,0.6525150723708676,0.8217495834189001,0.4203654109635113,0.3741427738279536,0.47027266196790046
3408,29,22,8,0.5975911979851071,0.4750273207237654,0.7120767799454125,0.787272090796642,0.7012638914924477,0.866688932287883,0.7432178588517917,0.6535850836048533,0.8221119303048476,0.41977352676565316,0.3728526855319684,0.4693404553326291
3409,9,0,8,0.11984195725084977,0.10319228747907451,0.135899740668913,0.4249446418994203,0.3866126251853307,0.45821107207148326,0.28230865531098076,0.2505073186464764,0.31657701252359427,0.25515008938233963,0.22601856039985457,0.28661302060163935
3409,10,1,8,0.11099266413196374,0.09516498779557216,0.12768498363784897,0.4455262111481694,0.40385011279546457,0.4858517579732886,0.25040831761733345,0.2181284697299551,0.28465413373198417,0.22386876373377187,0.19355392102366392,0.25657628679159783
3409,11,2,8,0.10449165151498918,0.09019866699705957,0.12036114616957741,0.4982875463753441,0.4571627081483777,0.5398648501219818,0.21234705452381256,0.1794750545322626,0.24567977879063604,0.1842392431284669,0.15332030602166064,0.21569472820628882
3409,12,3,8,0.10138370597481322,0.08872735911024332,0.11537888220604296,0.5045957921022015,0.4515077494575317,0.5562690610116957,0.20524330827055678,0.17358995858862808,0.23801831911485244,0.17755780947726427,0.1460454638652804,0.2107142510345207
3409,13,4,8,0.09758222522195585,0.0856956423046009,0.11137852158229047,0.5028190026248454,0.4461623040384238,0.5595379963494043,0.1991363921266719,0.1673752017718328,0.23156003401891462,0.1725550871207794,0.14023998873249732,0.20609663454560748
3409,14,5,8,0.09235889223600424,0.08032343803088907,0.10632101885442002,0.4889081056213133,0.43940756344830306,0.5395210902577412,0.19323165278084714,0.1617012344163659,0.2248010242287236,0.16893918197574956,0.1371656091605608,0.20129745542345295
3409,15,6,8,0.0633951634600101,0.05419086268823375,0.07595037835309248,0.38543506647518266,0.3294304603653859,0.4446856827365674,0.1696456970875303,0.14001251496164185,0.19801396983104244,0.1565379710674409,0.12664134831622126,0.18638538651010417
3409,16,7,8,0.0582116712957961,0.04814418507414907,0.0729319113392404,0.36086495910517813,0.2984846450682903,0.42936941180444194,0.16673092982003973,0.13634921413220344,0.1960539496236474,0.15518320956913337,0.12458619072548499,0.18603517674222136
3409,17,8,8,0.05829189103392539,0.04822597327399128,0.07095992403177148,0.3660939050329188,0.30961230092751163,0.4276543886815194,0.16520528928339417,0.1318695364092526,0.19716154505492764,0.1537598880335187,0.12088112650559521,0.18674967793922345
3409,18,9,8,0.0618564523261141,0.05157868746032613,0.07355305125570014,0.37306513596061097,0.3244439274442926,0.4240259907306605,0.17234094412948064,0.13607884307621082,0.2089425280945571,0.16030299761788797,0.12440098451152952,0.19678242895728826
3409,19,10,8,0.06510603131447731,0.05432999956437168,0.07740385073523569,0.3785394369378004,0.33064118036500684,0.42833482662110883,0.17852190042984445,0.14129806223106942,0.2164502990142929,0.16568042048655643,0.12887582020996385,0.20316822849312294
3409,20,11,8,0.063336932885997,0.0524134064761845,0.07522592616275858,0.3569093240836785,0.310333424000281,0.4043783325973059,0.18511668598142744,0.14366879341966945,0.2264774844177421,0.17344700832648863,0.13300078300642582,0.21452245786838675
3409,21,12,8,0.06341091924388782,0.052476535795847296,0.07547019627456414,0.3504973736145727,0.309223269879665,0.39290059708760794,0.18810127582242964,0.14694572658138486,0.22982730838963714,0.17669345588473123,0.13639719844609804,0.21793481683071672
3409,22,13,8,0.06354948161373596,0.05256292469879355,0.07553170996593274,0.3453608577751881,0.30740625506143876,0.3855813502083171,0.1906740939980225,0.14953527235092248,0.23273919548577857,0.1794405803860989,0.1389219351174737,0.22049543033452126
3409,23,14,8,0.06364411780518209,0.05251596856686186,0.07557248541350245,0.34283302410926586,0.3070543989817306,0.3803627607551143,0.19219896857050986,0.14930804125874536,0.23431484115032372,0.18105849466644497,0.13930627685715274,0.22230758922287136
3409,24,15,8,0.06387214341856251,0.05253759292024611,0.0757567647768031,0.3291974790211107,0.2975609188333972,0.3625564667749873,0.19991817504935236,0.15784978305518657,0.24355479200590224,0.1891942790115508,0.14762692260477542,0.23124534373382089
3409,25,16,8,0.06441529845483376,0.05266055309534166,0.0766657534614112,0.3233694594310764,0.2932883311818689,0.3564953181142979,0.20487725854177172,0.15950509331247245,0.24855390580061273,0.19425177634485685,0.1506011132032012,0.23676632535068928
3409,26,17,8,0.06392934229892851,0.052251022520558084,0.07647170383132505,0.3177393315666501,0.2884973548020722,0.3491691063229921,0.2065119511765784,0.16355651953316525,0.2503747350273194,0.19614877607687226,0.15332733385899752,0.23874869859425799
3409,27,18,8,0.06426126222700998,0.052076723809383524,0.0769360810427721,0.312712921624736,0.2858458205835783,0.34213762272596804,0.21004280914297238,0.16419960492485755,0.25465874280911904,0.19978234742097095,0.15560429567453296,0.24294179432150081
3409,28,19,8,0.06418932141300493,0.05204760408056089,0.07685882418217249,0.3110818246806263,0.28472770956127047,0.3397634202996226,0.2106564212507179,0.16731697626209147,0.2547971663198756,0.20045157914795264,0.15759579088436243,0.24316461454300298
3409,29,20,8,0.06342282399272434,0.05133047079146357,0.07603175905677892,0.30837599621000455,0.2817283324348855,0.339251706279087,0.21015773060683218,0.16519932811497706,0.2543808964451708,0.20016287415501988,0.15626744653272903,0.24343721324062148
