seed,step_k,n_pairs_fast,n_pairs_slow,D_fast_sites,D_slow_sites,D_mean_sites,P,P_slow,P_fast,omega_mae,validity
3407,5,128,128,10.6953125,11.9765625,11.3359375,0.5667613636363636,0.5880681818181818,0.5454545454545454,1.2212020481425048,1.0
3407,10,128,128,10.8828125,12.296875,11.58984375,0.6187766714082503,0.6267806267806267,0.6107954545454546,1.0731306477786875,0.9985795454545454
3407,20,128,128,9.546875,13.375,11.4609375,0.6903409090909091,0.7613636363636364,0.6193181818181818,0.9017616502116208,1.0
3407,50,128,128,8.125,12.6953125,10.41015625,0.7286931818181818,0.7755681818181818,0.6818181818181818,0.7859834673689541,1.0
3407,80,128,128,8.34375,13.3984375,10.87109375,0.7627840909090909,0.8011363636363636,0.7244318181818182,0.6924528578316965,1.0
3407,100,128,128,7.4921875,12.7265625,10.109375,0.765625,0.8125,0.71875,0.7055421585684171,1.0
3408,5,128,128,7.984375,11.734375,9.859375,0.5795454545454546,0.6960227272727273,0.4630681818181818,1.172815210121198,1.0
3408,10,128,128,7.8984375,11.1015625,9.5,0.6036931818181818,0.7159090909090909,0.4914772727272727,1.12243535082152,1.0
3408,20,128,128,7.8515625,10.078125,8.96484375,0.5639204545454546,0.6789772727272727,0.4488636363636363,1.1482428884711948,1.0
3408,50,128,128,8.0390625,8.5859375,8.3125,0.5980113636363636,0.65625,0.5397727272727273,1.1355441296825128,1.0
3408,80,128,128,7.984375,8.34375,8.1640625,0.5795454545454546,0.6193181818181818,0.5397727272727273,1.1339183973672704,1.0
3408,100,128,128,8.109375,8.3515625,8.23046875,0.5880681818181818,0.6534090909090909,0.5227272727272727,1.1400787034013924,1.0
3409,5,128,128,10.8203125,11.546875,11.18359375,0.4517045454545454,0.4460227272727273,0.4573863636363636,1.4110014404029891,1.0
3409,10,128,128,10.3984375,11.1015625,10.75,0.4588068181818182,0.4886363636363636,0.4289772727272727,1.34707318918299,1.0
3409,20,128,128,9.875,10.84375,10.359375,0.4971590909090909,0.5397727272727273,0.4545454545454545,1.2397246747987702,1.0
3409,50,128,128,8.859375,11.0859375,9.97265625,0.5127840909090909,0.5454545454545454,0.4801136363636363,1.2037974855377855,1.0
3409,80,128,128,9.3515625,10.671875,10.01171875,0.5127840909090909,0.5255681818181818,0.5,1.2180578831770277,1.0
3409,100,128,128,9.0234375,11.140625,10.08203125,0.4985795454545454,0.5,0.4971590909090909,1.2469135058253067,1.0
3410,5,128,128,11.3984375,11.3125,11.35546875,0.5426136363636364,0.5426136363636364,0.5426136363636364,1.2838852774405256,1.0
3410,10,128,128,10.5859375,11.8671875,11.2265625,0.546875,0.5681818181818182,0.5255681818181818,1.165469630724349,1.0
3410,20,128,128,10.5625,11.984375,11.2734375,0.578125,0.6448863636363636,0.5113636363636364,1.1654516550429734,1.0
3410,50,128,128,10.765625,11.1640625,10.96484375,0.609375,0.625,0.59375,1.0999612478496728,1.0
3410,80,128,128,10.265625,10.9375,10.6015625,0.5951704545454546,0.6107954545454546,0.5795454545454546,1.1106987581967405,1.0
3410,100,128,128,10.6953125,11.0390625,10.8671875,0.6136363636363636,0.6363636363636364,0.5909090909090909,1.0926109103865953,1.0
3411,5,128,128,8.8828125,9.0,8.94140625,0.4743589743589743,0.4431818181818182,0.5057142857142857,1.4587436208795397,0.9971590909090908
3411,10,128,128,8.7890625,8.9765625,8.8828125,0.465149359886202,0.4488636363636363,0.4814814814814814,1.3681852551820328,0.9985795454545454
3411,20,128,128,8.7890625,8.9453125,8.8671875,0.4730113636363636,0.3835227272727273,0.5625,1.3275217505987824,1.0
3411,50,128,128,8.59375,9.0,8.796875,0.5085227272727273,0.4744318181818182,0.5426136363636364,1.273787947492749,1.0
3411,80,128,128,8.53125,8.9765625,8.75390625,0.5298295454545454,0.4801136363636363,0.5795454545454546,1.2442550538644463,1.0
3411,100,128,128,8.3515625,8.9609375,8.65625,0.5184659090909091,0.4573863636363636,0.5795454545454546,1.2547285631296303,1.0
3412,5,128,128,10.6484375,10.9765625,10.8125,0.5411931818181818,0.6136363636363636,0.46875,1.2491659305665437,1.0
3412,10,128,128,10.5078125,10.921875,10.71484375,0.6008522727272727,0.6619318181818182,0.5397727272727273,1.0977547347321766,1.0
3412,20,128,128,10.6015625,10.9140625,10.7578125,0.6448863636363636,0.6903409090909091,0.5994318181818182,0.968314728535694,1.0
3412,50,128,128,10.2421875,10.515625,10.37890625,0.6661931818181818,0.6875,0.6448863636363636,0.9188906486339656,1.0
3412,80,128,128,9.921875,10.8046875,10.36328125,0.6775568181818182,0.6875,0.6676136363636364,0.9075979683775915,1.0
3412,100,128,128,10.0703125,10.875,10.47265625,0.6619318181818182,0.6903409090909091,0.6335227272727273,0.9237614391475062,1.0
3413,5,128,128,13.625,15.2265625,14.42578125,0.4971590909090909,0.5369318181818182,0.4573863636363636,1.4058668224515176,1.0
3413,10,128,128,13.5703125,15.2109375,14.390625,0.5241477272727273,0.5738636363636364,0.4744318181818182,1.2599936800698777,1.0
3413,20,128,128,12.9140625,15.2734375,14.09375,0.5482954545454546,0.5738636363636364,0.5227272727272727,1.1468173850473269,1.0
3413,50,128,128,12.5625,14.9765625,13.76953125,0.5724431818181818,0.6193181818181818,0.5255681818181818,1.1065647091265345,1.0
3413,80,128,128,12.7734375,14.9921875,13.8828125,0.578125,0.6136363636363636,0.5426136363636364,1.0500363369849877,1.0
3413,100,128,128,12.265625,15.1328125,13.69921875,0.5795454545454546,0.6136363636363636,0.5454545454545454,1.0708535197924407,1.0
3414,5,128,128,3.515625,4.3203125,3.91796875,0.4957386363636363,0.5255681818181818,0.4659090909090909,1.3914748750551704,1.0
3414,10,128,128,3.6484375,3.96875,3.80859375,0.5184659090909091,0.5454545454545454,0.4914772727272727,1.3439474616648672,1.0
3414,20,128,128,3.5234375,4.0625,3.79296875,0.5184659090909091,0.5426136363636364,0.4943181818181818,1.26103911616389,1.0
3414,50,128,128,3.25,3.9765625,3.61328125,0.5241477272727273,0.5568181818181818,0.4914772727272727,1.2667361159393191,1.0
3414,80,128,128,3.203125,4.1328125,3.66796875,0.4985795454545454,0.5255681818181818,0.4715909090909091,1.2958419778066437,1.0
3414,100,128,128,3.2578125,4.125,3.69140625,0.5142045454545454,0.5568181818181818,0.4715909090909091,1.2894731191715822,1.0
3415,5,128,128,13.4375,16.09375,14.765625,0.5492154065620543,0.6085714285714285,0.49002849002849,1.3616188588001017,0.9957386363636364
3415,10,128,128,13.53125,15.0,14.265625,0.5653409090909091,0.53125,0.5994318181818182,1.1415535499498377,1.0
3415,20,128,128,13.4921875,14.8125,14.15234375,0.5994318181818182,0.5965909090909091,0.6022727272727273,1.117954201977667,1.0
3415,50,128,128,13.46875,13.9140625,13.69140625,0.6051136363636364,0.5625,0.6477272727272727,1.0807313284343545,1.0
3415,80,128,128,13.421875,13.9921875,13.70703125,0.5994318181818182,0.5681818181818182,0.6306818181818182,1.0970795627130756,1.0
3415,100,128,128,13.4375,14.0859375,13.76171875,0.6150568181818182,0.5767045454545454,0.6534090909090909,1.0710458177447788,1.0
3416,5,128,128,13.4609375,13.5546875,13.5078125,0.53125,0.5113636363636364,0.5511363636363636,1.2626772912755844,1.0
3416,10,128,128,10.7578125,13.6796875,12.21875,0.5129310344827587,0.5706051873198847,0.4555873925501432,1.288946057965522,0.9886363636363636
3416,20,128,128,11.109375,12.734375,11.921875,0.5909090909090909,0.5795454545454546,0.6022727272727273,1.1147510406245282,1.0
3416,50,128,128,9.6015625,13.7421875,11.671875,0.6178977272727273,0.6079545454545454,0.6278409090909091,1.020249885107442,1.0
3416,80,128,128,9.1953125,12.71875,10.95703125,0.6221590909090909,0.6022727272727273,0.6420454545454546,1.0118961812120657,1.0
3416,100,128,128,9.0,13.015625,11.0078125,0.6349431818181818,0.6335227272727273,0.6363636363636364,0.997931727999646,1.0
3417,5,128,128,9.9453125,10.1328125,10.0390625,0.4616477272727273,0.5085227272727273,0.4147727272727273,1.5434199134472573,1.0
3417,10,128,128,9.984375,10.015625,10.0,0.5014204545454546,0.5113636363636364,0.4914772727272727,1.4179990534578173,1.0
3417,20,128,128,9.984375,9.984375,9.984375,0.5184659090909091,0.5369318181818182,0.5,1.3556033056139958,1.0
3417,50,128,128,9.984375,9.9921875,9.98828125,0.4971590909090909,0.5,0.4943181818181818,1.3112300559825265,1.0
3417,80,128,128,9.9609375,9.984375,9.97265625,0.5255681818181818,0.5454545454545454,0.5056818181818182,1.2802664196763132,1.0
3417,100,128,128,9.96875,9.9921875,9.98046875,0.5369318181818182,0.5880681818181818,0.4857954545454545,1.2843022453619557,1.0
3418,5,128,128,10.7265625,12.703125,11.71484375,0.5696022727272727,0.6221590909090909,0.5170454545454546,1.2071883662986875,1.0
3418,10,128,128,10.84375,13.171875,12.0078125,0.578125,0.5795454545454546,0.5767045454545454,1.0084308656534682,1.0
3418,20,128,128,10.0,12.3203125,11.16015625,0.6605113636363636,0.6164772727272727,0.7045454545454546,0.8879007778586011,1.0
3418,50,128,128,9.4765625,11.3671875,10.421875,0.7130681818181818,0.6477272727272727,0.7784090909090909,0.769626875410191,1.0
3418,80,128,128,9.0625,10.6796875,9.87109375,0.7102272727272727,0.6448863636363636,0.7755681818181818,0.7859501929626188,1.0
3418,100,128,128,9.3828125,10.625,10.00390625,0.7116477272727273,0.6505681818181818,0.7727272727272727,0.7686756386844447,1.0
3419,5,128,128,6.1640625,8.2890625,7.2265625,0.5227272727272727,0.5113636363636364,0.5340909090909091,1.3176023892883415,1.0
3419,10,128,128,6.375,7.109375,6.7421875,0.5568181818181818,0.5710227272727273,0.5426136363636364,1.2066156779857216,1.0
3419,20,128,128,6.0234375,7.765625,6.89453125,0.5951704545454546,0.6363636363636364,0.5539772727272727,1.1126120916417457,1.0
3419,50,128,128,5.953125,6.90625,6.4296875,0.6079545454545454,0.6590909090909091,0.5568181818181818,1.0793448546480475,1.0
3419,80,128,128,5.6015625,6.6640625,6.1328125,0.6079545454545454,0.6335227272727273,0.5823863636363636,1.053677639745497,1.0
3419,100,128,128,5.5234375,6.890625,6.20703125,0.5838068181818182,0.6164772727272727,0.5511363636363636,1.0910651111585823,1.0
3420,5,128,128,18.0703125,18.625,18.34765625,0.5667613636363636,0.5965909090909091,0.5369318181818182,1.1759529004024218,1.0
3420,10,128,128,17.84375,18.234375,18.0390625,0.6107954545454546,0.6278409090909091,0.59375,1.0832552846757428,1.0
3420,20,128,128,16.5546875,16.2265625,16.390625,0.6278409090909091,0.5738636363636364,0.6818181818181818,1.0167783094843117,1.0
3420,50,128,128,12.90625,13.3359375,13.12109375,0.6676136363636364,0.6107954545454546,0.7244318181818182,0.9018334329905696,1.0
3420,80,128,128,11.5078125,11.046875,11.27734375,0.671875,0.5625,0.78125,0.867115592220759,1.0
3420,100,128,128,10.84375,10.671875,10.7578125,0.6789772727272727,0.5795454545454546,0.7784090909090909,0.8784146989141088,1.0
3421,5,128,128,5.015625,6.6328125,5.82421875,0.4588068181818182,0.4772727272727273,0.4403409090909091,1.4210574538809846,1.0
3421,10,128,128,4.9609375,6.0,5.48046875,0.4872159090909091,0.5284090909090909,0.4460227272727273,1.3364469248826012,1.0
3421,20,128,128,4.8828125,6.0,5.44140625,0.5255681818181818,0.5738636363636364,0.4772727272727273,1.2720913497465458,1.0
3421,50,128,128,4.7734375,6.171875,5.47265625,0.5369318181818182,0.5880681818181818,0.4857954545454545,1.2139114274974732,1.0
3421,80,128,128,5.078125,6.7421875,5.91015625,0.5539772727272727,0.6306818181818182,0.4772727272727273,1.201871180695608,1.0
3421,100,128,128,5.203125,6.2265625,5.71484375,0.5568181818181818,0.6107954545454546,0.5028409090909091,1.194025977778754,1.0
