receiver_id,pair_id,direction,target_label,condition,omega_true,omega_natural,omega_aligned,omega_edited,recovery_denominator,normalized_recovery,valid,outcome,invalid_reasons,detection_rate,max_missing_run,max_adjacent_jump_px,median_length_error,boundary_jump_px,median_area_px,area_valid,fit_valid,fit_rmse,detected_color,detected_shape,intervention_layer_zero_based,fm_calls_observed,fm_calls_expected,intervention_scale,condition_prefix_tokens_edited,target_suffix_tokens_edited,activation_delta_l2,output_video_path
A_111,,A,high,top4_oracle,5.882238879230835,2.57175,5.8655,5.4625,3.2937499999999997,0.8776470588235296,True,physics,,0.96875,2,1.6861471860731645,0.0024466108057997205,1.5484021112399324,134.0,True,True,0.00933246690613772,blue,circle,12,20,20,1.0,1088,0,232.8964018055776,runs/pendulum/unified_mechanism_v2/mechanism/large_seed3407_short/stage3_low_rank_causal_route/videos/A_111/edit_rank_4.mp4
A_112,,A,high,top4_oracle,5.434802500900078,2.4787500000000002,5.288125,5.416,2.8093749999999997,1.0455172413793106,True,physics,,0.96875,2,1.9751481539352145,0.0020396165619691597,1.9337892753616326,137.5,True,True,0.006728673586377612,blue,circle,12,20,20,1.0,1088,0,240.38154774106553,runs/pendulum/unified_mechanism_v2/mechanism/large_seed3407_short/stage3_low_rank_causal_route/videos/A_112/edit_rank_4.mp4
A_116,,A,high,top4_oracle,5.344230077515669,2.967,5.37725,5.303625,2.41025,0.9694533762057879,True,physics,,0.96875,2,2.0042465285217865,0.002671989051692081,0.5892884588933098,131.0,True,True,0.008178820320040945,blue,circle,12,20,20,1.0,1088,0,228.02357271019304,runs/pendulum/unified_mechanism_v2/mechanism/large_seed3407_short/stage3_low_rank_causal_route/videos/A_116/edit_rank_4.mp4
A_120,,A,high,top4_oracle,6.166663144469958,2.8468750000000003,6.09025,5.7802500000000006,3.243375,0.90442054958184,False,invalid,max_missing_run_above_3,0.921875,5,1.7037227204233358,0.0019333726025038689,5.81228553747245,139.0,True,True,0.01419851842142703,blue,circle,12,20,20,1.0,1088,0,234.78201115871425,runs/pendulum/unified_mechanism_v2/mechanism/large_seed3407_short/stage3_low_rank_causal_route/videos/A_120/edit_rank_4.mp4
A_126,,A,high,top4_oracle,5.652435835427481,2.9941250000000004,5.667875,5.350125,2.67375,0.881159420289855,True,physics,,0.953125,2,2.2778006784042875,0.0034510731885155077,0.9596253209249378,125.0,True,True,0.01919535367495082,blue,circle,12,20,20,1.0,1088,0,230.47717862313908,runs/pendulum/unified_mechanism_v2/mechanism/large_seed3407_short/stage3_low_rank_causal_route/videos/A_126/edit_rank_4.mp4
A_128,,A,high,top4_oracle,5.265266964631235,2.57175,5.4121250000000005,5.29975,2.8403750000000003,0.9604365620736698,False,invalid,max_missing_run_above_3,0.9375,4,1.694033592105947,0.002029380759357796,4.363247140153202,137.0,True,True,0.005877284928767251,blue,circle,12,20,20,1.0,1088,0,241.38416802813845,runs/pendulum/unified_mechanism_v2/mechanism/large_seed3407_short/stage3_low_rank_causal_route/videos/A_128/edit_rank_4.mp4
A_129,,A,high,top4_oracle,6.14353775850582,2.513625,6.21425,5.846125,3.7006249999999996,0.900523560209424,False,invalid,max_missing_run_above_3,0.90625,6,1.6387472544346338,0.002291849642393401,0.3769581145235854,138.0,True,True,0.005869182383635849,blue,circle,12,20,20,1.0,1088,0,235.35328665287895,runs/pendulum/unified_mechanism_v2/mechanism/large_seed3407_short/stage3_low_rank_causal_route/videos/A_129/edit_rank_4.mp4
A_130,,A,high,top4_oracle,6.089384332994541,2.8778750000000004,5.9430000000000005,5.509,3.065125,0.8584070796460177,True,physics,,0.984375,1,1.8998228795901133,0.0019655888322698822,3.8769866343551223,149.0,True,True,0.012318019513325498,blue,circle,12,20,20,1.0,1088,0,234.8257437771473,runs/pendulum/unified_mechanism_v2/mechanism/large_seed3407_short/stage3_low_rank_causal_route/videos/A_130/edit_rank_4.mp4
A_135,,A,high,top4_oracle,5.6866721052969895,2.9398750000000002,5.757000000000001,5.57875,2.8171250000000003,0.936726272352132,True,physics,,0.984375,1,2.0561467569678435,0.0008534576232902547,3.7036130368384583,148.0,True,True,0.009522707879912367,blue,circle,12,20,20,1.0,1088,0,229.97803125188568,runs/pendulum/unified_mechanism_v2/mechanism/large_seed3407_short/stage3_low_rank_causal_route/videos/A_135/edit_rank_4.mp4
A_140,,A,high,top4_oracle,6.053334802415051,2.91275,5.915875,5.636875,3.003125,0.9070967741935484,True,physics,,0.9375,2,1.5511039544714202,0.0021326501011200982,2.4897485732619846,137.0,True,True,0.009504613104748217,blue,circle,12,20,20,1.0,1088,0,239.35500899680463,runs/pendulum/unified_mechanism_v2/mechanism/large_seed3407_short/stage3_low_rank_causal_route/videos/A_140/edit_rank_4.mp4
A_141,,A,high,top4_oracle,6.101122596394413,2.862375,5.946875,5.509,3.0845000000000002,0.8580402010050251,False,invalid,max_missing_run_above_3,0.90625,4,2.768717494598756,0.0018035460768394407,0.9370445262854687,139.0,True,True,0.010752600665606482,blue,circle,12,20,20,1.0,1088,0,232.4865535997653,runs/pendulum/unified_mechanism_v2/mechanism/large_seed3407_short/stage3_low_rank_causal_route/videos/A_141/edit_rank_4.mp4
A_142,,A,high,top4_oracle,6.1159539117823165,2.792625,6.09025,5.757000000000001,3.297625,0.8989424206815513,False,invalid,max_missing_run_above_3,0.9375,4,1.7821890703412135,0.0011616175962156083,3.693503689427051,145.5,True,True,0.007263557788795619,blue,circle,12,20,20,1.0,1088,0,231.60827657284412,runs/pendulum/unified_mechanism_v2/mechanism/large_seed3407_short/stage3_low_rank_causal_route/videos/A_142/edit_rank_4.mp4
A_144,,A,high,top4_oracle,5.611377880037573,2.637625,5.6446250000000004,5.50125,3.0070000000000006,0.9523195876288657,False,invalid,max_missing_run_above_3,0.90625,6,2.0598367808656626,0.001979833808288839,1.7499190467531385,141.5,True,True,0.008613368966625411,blue,circle,12,20,20,1.0,1088,0,229.59243280196804,runs/pendulum/unified_mechanism_v2/mechanism/large_seed3407_short/stage3_low_rank_causal_route/videos/A_144/edit_rank_4.mp4
A_145,,A,high,top4_oracle,5.575587632808819,2.978625,5.5748750000000005,5.660125,2.5962500000000004,1.0328358208955222,True,physics,,0.984375,1,2.768044339941523,0.0022733855513924484,1.0801135182147612,138.0,True,True,0.011769538044309757,blue,circle,12,20,20,1.0,1088,0,230.73911305995207,runs/pendulum/unified_mechanism_v2/mechanism/large_seed3407_short/stage3_low_rank_causal_route/videos/A_145/edit_rank_4.mp4
A_147,,A,high,top4_oracle,6.018933691262555,2.688,6.12125,5.768625,3.4332499999999997,0.8972911963882619,False,invalid,max_missing_run_above_3,0.9375,4,2.202075361867978,0.001555836582111031,3.0968287768609506,142.0,True,True,0.007757773468052039,blue,circle,12,20,20,1.0,1088,0,231.11537082903433,runs/pendulum/unified_mechanism_v2/mechanism/large_seed3407_short/stage3_low_rank_causal_route/videos/A_147/edit_rank_4.mp4
A_148,,A,high,top4_oracle,6.125132469991941,2.8895,6.094125,5.5748750000000005,3.204625,0.8379685610640872,False,invalid,max_missing_run_above_3,0.9375,4,1.9724064849549054,0.0022089519398987845,5.622543999648682,139.0,True,True,0.00563922288429393,blue,circle,12,20,20,1.0,1088,0,231.26027669373534,runs/pendulum/unified_mechanism_v2/mechanism/large_seed3407_short/stage3_low_rank_causal_route/videos/A_148/edit_rank_4.mp4
A_151,,A,high,top4_oracle,6.050721150650307,2.653125,5.9430000000000005,5.675625,3.2898750000000003,0.9187279151943462,False,invalid,detection_rate_below_0.90;max_missing_run_above_3,0.890625,4,2.1532856178122364,0.0028968529593950687,2.311227813195943,125.0,True,True,0.013874732460090255,blue,circle,12,20,20,1.0,1088,0,240.58867932527676,runs/pendulum/unified_mechanism_v2/mechanism/large_seed3407_short/stage3_low_rank_causal_route/videos/A_151/edit_rank_4.mp4
A_153,,A,high,top4_oracle,5.630600330389142,2.885625,5.753125,5.350125,2.8674999999999997,0.8594594594594596,True,physics,,0.9375,3,1.7837618749644664,0.0031671423954361677,1.0491625394794324,121.5,True,True,0.016088309827549854,blue,circle,12,20,20,1.0,1088,0,237.34421750289704,runs/pendulum/unified_mechanism_v2/mechanism/large_seed3407_short/stage3_low_rank_causal_route/videos/A_153/edit_rank_4.mp4
A_156,,A,high,top4_oracle,5.8679766110737654,2.843,5.629125,5.4353750000000005,2.786125,0.9304589707927678,False,invalid,max_missing_run_above_3,0.921875,5,1.8297332995899669,0.0027778753913679233,2.088068206923675,138.0,True,True,0.01070342612874601,blue,circle,12,20,20,1.0,1088,0,234.2779425530557,runs/pendulum/unified_mechanism_v2/mechanism/large_seed3407_short/stage3_low_rank_causal_route/videos/A_156/edit_rank_4.mp4
A_157,,A,high,top4_oracle,6.055345579781005,2.6492500000000003,5.900375,5.4818750000000005,3.251125,0.8712753277711561,True,physics,,0.96875,2,1.8647134603350173,0.0034072032731020385,1.4688569479640086,126.0,True,True,0.008317083737641303,blue,circle,12,20,20,1.0,1088,0,227.15589958929385,runs/pendulum/unified_mechanism_v2/mechanism/large_seed3407_short/stage3_low_rank_causal_route/videos/A_157/edit_rank_4.mp4
A_158,,A,high,top4_oracle,5.895924767757135,2.567875,6.140625,6.094125,3.57275,0.9869848156182213,True,physics,,0.96875,2,2.083020581460896,0.002821124992053531,3.3803868358396363,135.5,True,True,0.006977697122466433,blue,circle,12,20,20,1.0,1088,0,231.93089926635272,runs/pendulum/unified_mechanism_v2/mechanism/large_seed3407_short/stage3_low_rank_causal_route/videos/A_158/edit_rank_4.mp4
A_161,,A,high,top4_oracle,5.883014859257062,2.35475,5.977875,5.70275,3.623125,0.9240641711229947,False,invalid,max_missing_run_above_3,0.9375,4,1.7254786092221095,0.0018219187899461142,2.9912907622664027,138.0,True,True,0.008071040859971606,blue,circle,12,20,20,1.0,1088,0,236.0566523072646,runs/pendulum/unified_mechanism_v2/mechanism/large_seed3407_short/stage3_low_rank_causal_route/videos/A_161/edit_rank_4.mp4
A_169,,A,high,top4_oracle,6.019717268106065,2.8817500000000003,5.8500000000000005,5.687250000000001,2.9682500000000003,0.9451697127937337,True,physics,,0.984375,1,1.8937873489287331,0.0013464064401104703,0.7255936046736319,142.0,True,True,0.012241377803622023,blue,circle,12,20,20,1.0,1088,0,232.22140604203062,runs/pendulum/unified_mechanism_v2/mechanism/large_seed3407_short/stage3_low_rank_causal_route/videos/A_169/edit_rank_4.mp4
A_172,,A,high,top4_oracle,6.149452083529531,2.8468750000000003,5.9895000000000005,5.613625,3.1426250000000002,0.88039457459926,False,invalid,detection_rate_below_0.90;max_missing_run_above_3,0.875,8,2.72344120098263,0.0017587230550936417,4.830969405698026,138.5,True,True,0.006366759506149273,blue,circle,12,20,20,1.0,1088,0,232.34345121485785,runs/pendulum/unified_mechanism_v2/mechanism/large_seed3407_short/stage3_low_rank_causal_route/videos/A_172/edit_rank_4.mp4
A_173,,A,high,top4_oracle,5.811042041689759,2.8778750000000004,5.753125,5.590375,2.8752499999999994,0.9433962264150944,True,physics,,0.984375,1,1.6590164025364322,0.001699550090470514,4.171808884867018,154.0,True,True,0.007229400444406598,blue,circle,12,20,20,1.0,1088,0,240.3770585749723,runs/pendulum/unified_mechanism_v2/mechanism/large_seed3407_short/stage3_low_rank_causal_route/videos/A_173/edit_rank_4.mp4
A_174,,A,high,top4_oracle,6.355752989318333,2.614375,6.32275,6.12125,3.708375,0.9456635318704284,True,physics,,0.96875,2,1.847153739425697,0.002600256815377261,2.4094419627546237,134.0,True,True,0.01875310222108583,blue,circle,12,20,20,1.0,1088,0,230.39878296567358,runs/pendulum/unified_mechanism_v2/mechanism/large_seed3407_short/stage3_low_rank_causal_route/videos/A_174/edit_rank_4.mp4
A_175,,A,high,top4_oracle,6.203895710891384,2.75775,6.21425,5.590375,3.4564999999999997,0.8195067264573991,True,physics,,0.984375,1,1.8891919105573223,0.001974942238379074,3.8220655471326777,149.0,True,True,0.0062100192757639045,blue,circle,12,20,20,1.0,1088,0,231.25461279779705,runs/pendulum/unified_mechanism_v2/mechanism/large_seed3407_short/stage3_low_rank_causal_route/videos/A_175/edit_rank_4.mp4
A_176,,A,high,top4_oracle,6.343715281683147,2.6686250000000005,6.26075,5.881,3.5921249999999993,0.8942826321467099,True,physics,,0.96875,2,1.9717969898151224,0.0021439425438921633,3.334902998323023,134.0,True,True,0.006583588731434313,blue,circle,12,20,20,1.0,1088,0,236.22416396233558,runs/pendulum/unified_mechanism_v2/mechanism/large_seed3407_short/stage3_low_rank_causal_route/videos/A_176/edit_rank_4.mp4
A_177,,A,high,top4_oracle,5.903959306301818,2.9941250000000004,5.6795,5.396625,2.6853749999999996,0.8946608946608947,True,physics,,0.953125,3,1.667103934530802,0.0019661715348543995,5.586744535987598,145.0,True,True,0.010983809066892428,blue,circle,12,20,20,1.0,1088,0,234.4773899320383,runs/pendulum/unified_mechanism_v2/mechanism/large_seed3407_short/stage3_low_rank_causal_route/videos/A_177/edit_rank_4.mp4
A_185,,A,high,top4_oracle,5.958418702996302,2.769375,5.993375,5.799625,3.224,0.939903846153846,True,physics,,0.984375,1,1.9258970191793525,0.001469189226309342,1.2420590619082368,143.0,True,True,0.010947917385244825,blue,circle,12,20,20,1.0,1088,0,233.06730082483693,runs/pendulum/unified_mechanism_v2/mechanism/large_seed3407_short/stage3_low_rank_causal_route/videos/A_185/edit_rank_4.mp4
A_188,,A,high,top4_oracle,5.254079658720078,2.8895,5.36175,5.323,2.47225,0.9843260188087777,True,physics,,0.96875,2,1.5965436633234906,0.0025308095413165144,1.9133022848677077,137.5,True,True,0.010513608025305328,blue,circle,12,20,20,1.0,1088,0,232.44475706256384,runs/pendulum/unified_mechanism_v2/mechanism/large_seed3407_short/stage3_low_rank_causal_route/videos/A_188/edit_rank_4.mp4
A_196,,A,high,top4_oracle,6.193823169716637,2.9205,6.210375,5.28425,3.289875,0.71849234393404,True,physics,,0.96875,2,1.9046360264645195,0.003047847212133914,3.8700292671124843,133.0,True,True,0.01451111037056964,blue,circle,12,20,20,1.0,1088,0,230.77725319987124,runs/pendulum/unified_mechanism_v2/mechanism/large_seed3407_short/stage3_low_rank_causal_route/videos/A_196/edit_rank_4.mp4
B_082,,B,low,top4_oracle,2.39937209860666,5.381125,2.567875,2.908875,-2.81325,0.8787878787878787,True,physics,,0.984375,1,1.1140379597872285,0.001255838546567245,0.5568725428904575,145.0,True,True,0.005723549288980362,red,circle,12,20,20,1.0,1088,0,243.7264595326566,runs/pendulum/unified_mechanism_v2/mechanism/large_seed3407_short/stage3_low_rank_causal_route/videos/B_082/edit_rank_4.mp4
B_083,,B,low,top4_oracle,2.5343902347035714,5.23,2.606625,2.8313750000000004,-2.6233750000000002,0.9143279172821269,True,physics,,0.984375,1,1.2188694468386034,0.0009913245929723535,0.5580406235331961,158.0,True,True,0.003933981039167406,red,circle,12,20,20,1.0,1088,0,242.829751897044,runs/pendulum/unified_mechanism_v2/mechanism/large_seed3407_short/stage3_low_rank_causal_route/videos/B_083/edit_rank_4.mp4
B_087,,B,low,top4_oracle,2.8680314526063624,5.50125,2.9398750000000002,3.30025,-2.5613749999999995,0.8593040847201211,True,compromise,,0.984375,1,2.7024223392824247,0.001141780022163419,4.01926208458717,140.0,True,True,0.01114506021656762,red,circle,12,20,20,1.0,1088,0,239.47837969447212,runs/pendulum/unified_mechanism_v2/mechanism/large_seed3407_short/stage3_low_rank_causal_route/videos/B_087/edit_rank_4.mp4
B_089,,B,low,top4_oracle,2.810140205454177,5.416,2.8817500000000003,3.2925,-2.53425,0.8379204892966362,True,compromise,,0.984375,1,1.2438335270481604,0.0013742378471284233,1.6270530870513282,135.0,True,True,0.013203389878491423,red,circle,12,20,20,1.0,1088,0,241.04524760112199,runs/pendulum/unified_mechanism_v2/mechanism/large_seed3407_short/stage3_low_rank_causal_route/videos/B_089/edit_rank_4.mp4
B_090,,B,low,top4_oracle,2.5216567690953378,5.326875,2.6260000000000003,2.684125,-2.700875,0.9784791965566716,True,physics,,0.984375,1,1.3187076283211556,0.0010950378339175115,0.5329734096641492,142.0,True,True,0.007054289998140683,red,circle,12,20,20,1.0,1088,0,242.1471412027953,runs/pendulum/unified_mechanism_v2/mechanism/large_seed3407_short/stage3_low_rank_causal_route/videos/B_090/edit_rank_4.mp4
B_096,,B,low,top4_oracle,2.8372506147135312,5.6446250000000004,2.843,3.187875,-2.8016250000000005,0.8769017980636238,True,compromise,,0.984375,1,1.1679036166000978,0.0009363337297914609,1.7798860266649552,141.0,True,True,0.015467354481507732,red,circle,12,20,20,1.0,1088,0,239.80095025300815,runs/pendulum/unified_mechanism_v2/mechanism/large_seed3407_short/stage3_low_rank_causal_route/videos/B_096/edit_rank_4.mp4
B_100,,B,low,top4_oracle,2.4744772520058165,6.02825,2.3470000000000004,2.3702500000000004,-3.6812499999999995,0.9936842105263158,True,physics,,0.984375,1,0.9124139596471142,0.0011310280525606564,0.8469081547108398,154.0,True,True,0.0056677901146258685,red,circle,12,20,20,1.0,1088,0,243.5173862782901,runs/pendulum/unified_mechanism_v2/mechanism/large_seed3407_short/stage3_low_rank_causal_route/videos/B_100/edit_rank_4.mp4
B_101,,B,low,top4_oracle,2.731235910241782,5.257125,2.777125,2.8275,-2.4800000000000004,0.9796874999999999,True,physics,,0.953125,3,3.1612213273780734,0.0010040740079302335,2.2662726681968843,136.0,True,True,0.009392966874117588,red,circle,12,20,20,1.0,1088,0,233.18372693710975,runs/pendulum/unified_mechanism_v2/mechanism/large_seed3407_short/stage3_low_rank_causal_route/videos/B_101/edit_rank_4.mp4
B_104,,B,low,top4_oracle,2.315007687234768,5.34625,2.35475,2.513625,-2.9915000000000003,0.9468911917098445,True,physics,,0.984375,1,1.0282440902118568,0.0011704470673161715,1.2703793501779603,148.0,True,True,0.009990929172404335,red,circle,12,20,20,1.0,1088,0,244.48907944719969,runs/pendulum/unified_mechanism_v2/mechanism/large_seed3407_short/stage3_low_rank_causal_route/videos/B_104/edit_rank_4.mp4
B_105,,B,low,top4_oracle,2.528108464199357,5.40825,2.521375,2.8546250000000004,-2.886875,0.8845637583892616,True,physics,,0.984375,1,1.2153571402658072,0.0009186770458386451,0.521442330504234,155.0,True,True,0.007030254400464732,red,circle,12,20,20,1.0,1088,0,240.71535280422017,runs/pendulum/unified_mechanism_v2/mechanism/large_seed3407_short/stage3_low_rank_causal_route/videos/B_105/edit_rank_4.mp4
B_106,,B,low,top4_oracle,2.6288195125030325,5.37725,2.75775,2.8313750000000004,-2.6195,0.9718934911242603,True,physics,,0.984375,1,1.4318824190250523,0.0008480519416027565,2.074152970948509,154.0,True,True,0.006906791251172086,red,circle,12,20,20,1.0,1088,0,233.54729944375023,runs/pendulum/unified_mechanism_v2/mechanism/large_seed3407_short/stage3_low_rank_causal_route/videos/B_106/edit_rank_4.mp4
B_108,,B,low,top4_oracle,2.759466995485308,5.2145,2.862375,3.0638750000000003,-2.352125,0.9143327841845139,True,compromise,,0.984375,1,1.2624496556120468,0.001379707123555285,0.9511648656974725,137.0,True,True,0.007884716048946836,red,circle,12,20,20,1.0,1088,0,236.9569743459705,runs/pendulum/unified_mechanism_v2/mechanism/large_seed3407_short/stage3_low_rank_causal_route/videos/B_108/edit_rank_4.mp4
B_113,,B,low,top4_oracle,2.4208730051383305,5.354,2.660875,2.862375,-2.693125,0.9251798561151078,True,physics,,0.984375,1,0.9550276204701488,0.0006762238957616074,0.8484725466011998,148.0,True,True,0.004776822180223679,red,circle,12,20,20,1.0,1088,0,245.66147946396916,runs/pendulum/unified_mechanism_v2/mechanism/large_seed3407_short/stage3_low_rank_causal_route/videos/B_113/edit_rank_4.mp4
B_116,,B,low,top4_oracle,2.3103382829431536,5.261,2.285,2.688,-2.976,0.8645833333333334,True,physics,,0.984375,1,1.170004954102926,0.0007050416794588399,1.1278935451178669,153.0,True,True,0.005284426939735566,red,circle,12,20,20,1.0,1088,0,227.50169154518005,runs/pendulum/unified_mechanism_v2/mechanism/large_seed3407_short/stage3_low_rank_causal_route/videos/B_116/edit_rank_4.mp4
B_120,,B,low,top4_oracle,2.7228395013924502,5.559375,2.71125,2.91275,-2.848125,0.9292517006802722,True,physics,,0.984375,1,1.1328554536879232,0.0008366442379118544,0.8168514249519966,154.0,True,True,0.006006567584626625,red,circle,12,20,20,1.0,1088,0,240.37929001296834,runs/pendulum/unified_mechanism_v2/mechanism/large_seed3407_short/stage3_low_rank_causal_route/videos/B_120/edit_rank_4.mp4
B_121,,B,low,top4_oracle,2.944527256753111,5.54,2.7848750000000004,2.9398750000000002,-2.7551249999999996,0.9437412095639944,True,physics,,0.984375,1,1.400911387502056,0.0006555088447252055,2.1132696184011404,153.0,True,True,0.01008930701001876,red,circle,12,20,20,1.0,1088,0,225.56199089117388,runs/pendulum/unified_mechanism_v2/mechanism/large_seed3407_short/stage3_low_rank_causal_route/videos/B_121/edit_rank_4.mp4
B_123,,B,low,top4_oracle,2.791628904256377,5.53225,2.8701250000000003,3.00575,-2.662125,0.9490538573508007,True,compromise,,0.984375,1,1.7516252293928543,0.0007488839677921577,1.797422653548605,152.0,True,True,0.0073508439047967975,red,circle,12,20,20,1.0,1088,0,223.56466630184758,runs/pendulum/unified_mechanism_v2/mechanism/large_seed3407_short/stage3_low_rank_causal_route/videos/B_123/edit_rank_4.mp4
B_125,,B,low,top4_oracle,2.215753623285525,5.60975,2.366375,2.4438750000000002,-3.243375,0.9761051373954599,True,physics,,0.984375,1,1.1348740652828206,0.001147307090354155,0.4304024335641962,150.0,True,True,0.005880950128927004,red,circle,12,20,20,1.0,1088,0,243.3108517014642,runs/pendulum/unified_mechanism_v2/mechanism/large_seed3407_short/stage3_low_rank_causal_route/videos/B_125/edit_rank_4.mp4
B_130,,B,low,top4_oracle,2.7112066042628182,5.636875,2.6918750000000005,2.8701250000000003,-2.9449999999999994,0.9394736842105263,True,physics,,0.984375,1,1.143306919942179,0.0012438446650580026,0.8219013033390682,151.0,True,True,0.005763055231323207,red,circle,12,20,20,1.0,1088,0,233.45599065483165,runs/pendulum/unified_mechanism_v2/mechanism/large_seed3407_short/stage3_low_rank_causal_route/videos/B_130/edit_rank_4.mp4
B_134,,B,low,top4_oracle,2.436730943935343,5.3695,2.366375,2.451625,-3.0031250000000003,0.9716129032258065,True,physics,,0.984375,1,1.0988353388606116,0.0011759011144551468,1.3233453478393842,147.0,True,True,0.012242314894734343,red,circle,12,20,20,1.0,1088,0,242.99820449422182,runs/pendulum/unified_mechanism_v2/mechanism/large_seed3407_short/stage3_low_rank_causal_route/videos/B_134/edit_rank_4.mp4
B_136,,B,low,top4_oracle,2.8177325607584276,5.42375,2.8817500000000003,3.0638750000000003,-2.542,0.9283536585365854,True,compromise,,0.984375,1,1.2562552985194453,0.0008143568351928754,1.2045926913870186,157.0,True,True,0.005590054788716113,red,circle,12,20,20,1.0,1088,0,235.04311477364345,runs/pendulum/unified_mechanism_v2/mechanism/large_seed3407_short/stage3_low_rank_causal_route/videos/B_136/edit_rank_4.mp4
B_137,,B,low,top4_oracle,2.595599777265887,5.695,2.699625,2.660875,-2.995375,1.0129366106080209,True,physics,,0.984375,1,1.2082199546482701,0.0011258759782890593,0.458605108806041,142.0,True,True,0.005507492129897163,red,circle,12,20,20,1.0,1088,0,243.14670837867422,runs/pendulum/unified_mechanism_v2/mechanism/large_seed3407_short/stage3_low_rank_causal_route/videos/B_137/edit_rank_4.mp4
B_144,,B,low,top4_oracle,2.6591283962747805,5.819,2.552375,2.75,-3.266625,0.9395017793594306,True,physics,,0.984375,1,1.1694070219787995,0.0010669455235206016,0.6449425516990948,140.0,True,True,0.006207552711622097,red,circle,12,20,20,1.0,1088,0,239.91597482499404,runs/pendulum/unified_mechanism_v2/mechanism/large_seed3407_short/stage3_low_rank_causal_route/videos/B_144/edit_rank_4.mp4
B_148,,B,low,top4_oracle,2.591328001939601,5.323,2.405125,2.8468750000000003,-2.9178750000000004,0.8486055776892429,True,physics,,0.984375,1,0.9810543124773842,0.0009878382230890104,1.4907035662290746,138.0,True,True,0.020900351342139287,red,circle,12,20,20,1.0,1088,0,239.47731052634552,runs/pendulum/unified_mechanism_v2/mechanism/large_seed3407_short/stage3_low_rank_causal_route/videos/B_148/edit_rank_4.mp4
B_149,,B,low,top4_oracle,2.4342384030001014,5.5051250000000005,2.521375,2.629875,-2.9837500000000006,0.9636363636363635,True,physics,,0.984375,1,1.0212460518119368,0.001233823518504873,0.18927363152456547,147.0,True,True,0.005470584681444065,red,circle,12,20,20,1.0,1088,0,240.51434832284082,runs/pendulum/unified_mechanism_v2/mechanism/large_seed3407_short/stage3_low_rank_causal_route/videos/B_149/edit_rank_4.mp4
B_150,,B,low,top4_oracle,2.8798234353759016,5.931375,2.781,2.86625,-3.150375,0.972939729397294,True,physics,,0.984375,1,1.0573448732352941,0.0009219182497912648,0.4822981760025609,142.0,True,True,0.004328372208442038,red,circle,12,20,20,1.0,1088,0,240.17999611217692,runs/pendulum/unified_mechanism_v2/mechanism/large_seed3407_short/stage3_low_rank_causal_route/videos/B_150/edit_rank_4.mp4
B_152,,B,low,top4_oracle,2.4892875209756546,5.29975,2.653125,2.99025,-2.6466250000000002,0.8726207906295754,True,physics,,0.984375,1,1.0718273397441298,0.0007499701736076725,0.5673813593195332,155.0,True,True,0.005008294491698063,red,circle,12,20,20,1.0,1088,0,239.93708637068025,runs/pendulum/unified_mechanism_v2/mechanism/large_seed3407_short/stage3_low_rank_causal_route/videos/B_152/edit_rank_4.mp4
B_153,,B,low,top4_oracle,2.607604136492806,5.354,2.521375,2.71125,-2.832625,0.93296853625171,True,physics,,0.953125,3,3.602787987116667,0.0012397941348804564,0.9886617705293449,137.0,True,True,0.013497949940409903,red,circle,12,20,20,1.0,1088,0,231.73332429757374,runs/pendulum/unified_mechanism_v2/mechanism/large_seed3407_short/stage3_low_rank_causal_route/videos/B_153/edit_rank_4.mp4
B_155,,B,low,top4_oracle,2.646018186920384,6.047625,2.653125,2.9205,-3.3945,0.9212328767123288,True,physics,,0.984375,1,1.0011073389944196,0.0008057454267154651,0.5260012638125418,150.0,True,True,0.004713397753940238,red,circle,12,20,20,1.0,1088,0,240.89517913631533,runs/pendulum/unified_mechanism_v2/mechanism/large_seed3407_short/stage3_low_rank_causal_route/videos/B_155/edit_rank_4.mp4
B_158,,B,low,top4_oracle,2.271066866933851,5.536125,2.482625,2.58725,-3.0535,0.9657360406091371,True,physics,,0.984375,1,0.9071664851615107,0.0011989343541214947,1.1600769566145088,148.0,True,True,0.0053118502343242535,red,circle,12,20,20,1.0,1088,0,241.64563929371954,runs/pendulum/unified_mechanism_v2/mechanism/large_seed3407_short/stage3_low_rank_causal_route/videos/B_158/edit_rank_4.mp4
B_161,,B,low,top4_oracle,2.794532473648764,6.0360000000000005,2.583375,3.0406250000000004,-3.4526250000000003,0.8675645342312008,True,compromise,,0.984375,1,1.0048119908316888,0.0017108606752925248,1.5174311636999203,143.0,True,True,0.011886981921618422,red,circle,12,20,20,1.0,1088,0,242.75082294970332,runs/pendulum/unified_mechanism_v2/mechanism/large_seed3407_short/stage3_low_rank_causal_route/videos/B_161/edit_rank_4.mp4
B_163,,B,low,top4_oracle,2.7638546641520394,5.51675,2.6686250000000005,2.8817500000000003,-2.8481249999999996,0.9251700680272109,True,physics,,0.984375,1,1.2570556193039268,0.0011064979101427785,1.1774683316254762,156.0,True,True,0.005006570869008033,red,circle,12,20,20,1.0,1088,0,238.52591443273198,runs/pendulum/unified_mechanism_v2/mechanism/large_seed3407_short/stage3_low_rank_causal_route/videos/B_163/edit_rank_4.mp4
